Season,Opponent,Home,Win,MOV,Streak,Rk,Age,W/L,ExW/L,AvMOV,SOS,SRS,ORtg,DRtg,NRtg,Pace,FTr,3PAr,TS%,eFG%,TOV%,ORB%,FT/FGA,eFG%,TOV%,DRB%,FT/FGA,Record
2024-2025,New York Knicks,0,1,23,0,7,27.5,0.641025641,0.628205128,4.42,-0.7,3.72,118.7,114.2,4.5,96.9,0.233,0.38,0.591,0.558,11.9,25.9,0.187,0.547,13,74.4,0.174,0.636363636
2024-2025,Washington Wizards,1,1,20,1,30,23.6,0.217948718,0.179487179,-12.38,0.4,-11.99,107,119.3,-12.3,100.9,0.23,0.436,0.547,0.513,13.6,22.8,0.18,0.55,11.5,71.9,0.201,0.666666667
2024-2025,Detroit Pistons,1,1,6,2,12,25.8,0.551282051,0.564102564,2.18,-0.28,1.9,114.7,112.5,2.2,99.9,0.25,0.392,0.579,0.545,13.1,26.2,0.195,0.536,13.3,76.2,0.215,0.777777778
2024-2025,Milwaukee Bucks,0,1,11,3,13,29.4,0.564102564,0.564102564,2.03,-0.38,1.65,115.4,113.4,2,99.3,0.266,0.422,0.596,0.566,12.2,19.3,0.2,0.532,11.4,76.3,0.178,1
2024-2025,Indiana Pacers,1,0,-3,4,11,25.8,0.602564103,0.564102564,2.32,-0.64,1.68,116.9,114.6,2.3,99.8,0.238,0.402,0.598,0.566,11.8,21,0.189,0.547,13.1,74.5,0.193,0.444444444
2024-2025,Charlotte Hornets,1,1,15,-1,27,25.1,0.243589744,0.256410256,-8.33,-0.24,-8.57,107.8,116.3,-8.5,97.6,0.223,0.429,0.539,0.504,13.6,26.8,0.176,0.547,12,74.6,0.193,0.777777778
2024-2025,Charlotte Hornets,1,1,10,1,27,25.1,0.243589744,0.256410256,-8.33,-0.24,-8.57,107.8,116.3,-8.5,97.6,0.223,0.429,0.539,0.504,13.6,26.8,0.176,0.547,12,74.6,0.193,0.777777778
2024-2025,Atlanta Hawks,1,1,30,2,19,24.9,0.474358974,0.448717949,-1.74,-0.1,-1.84,114.2,115.9,-1.7,102.7,0.252,0.408,0.577,0.543,13.2,26.2,0.196,0.562,13.8,76.1,0.204,0.375
2024-2025,Golden State Warriors,0,0,-6,3,10,28.6,0.58974359,0.58974359,2.87,0.34,3.22,114.8,111.9,2.9,98.8,0.24,0.468,0.567,0.536,12.3,27.4,0.183,0.542,13.9,75.7,0.19,0.6
2024-2025,Brooklyn Nets,0,1,4,-1,26,24.8,0.320512821,0.294871795,-6.79,0.17,-6.62,108.5,115.6,-7.1,96.3,0.239,0.456,0.551,0.515,13.7,24.7,0.189,0.555,13.7,74.8,0.216,0.666666667
2024-2025,Milwaukee Bucks,1,1,6,1,13,29.4,0.564102564,0.564102564,2.03,-0.38,1.65,115.4,113.4,2,99.3,0.266,0.422,0.596,0.566,12.2,19.3,0.2,0.532,11.4,76.3,0.178,0.333333333
2024-2025,Atlanta Hawks,0,0,-1,2,19,24.9,0.474358974,0.448717949,-1.74,-0.1,-1.84,114.2,115.9,-1.7,102.7,0.252,0.408,0.577,0.543,13.2,26.2,0.196,0.562,13.8,76.1,0.204,0.666666667
2024-2025,Brooklyn Nets,1,1,25,-1,26,24.8,0.320512821,0.294871795,-6.79,0.17,-6.62,108.5,115.6,-7.1,96.3,0.239,0.456,0.551,0.515,13.7,24.7,0.189,0.555,13.7,74.8,0.216,0.8
2024-2025,Toronto Raptors,0,1,3,1,24,24.5,0.367088608,0.367088608,-4.47,0.04,-4.43,110.4,114.8,-4.4,99.7,0.235,0.371,0.553,0.522,13.4,27.4,0.176,0.54,13.1,73.8,0.223,0.9
2024-2025,Cleveland Cavaliers,0,1,3,2,2,26.6,0.794871795,0.769230769,9.79,-0.83,8.97,122.2,112.4,9.8,99.8,0.243,0.457,0.61,0.58,11.6,25.7,0.19,0.529,12.7,74.7,0.182,0.75
2024-2025,Washington Wizards,1,1,12,3,30,23.6,0.217948718,0.179487179,-12.38,0.4,-11.99,107,119.3,-12.3,100.9,0.23,0.436,0.547,0.513,13.6,22.8,0.18,0.55,11.5,71.9,0.201,0.666666667
2024-2025,Minnesota Timberwolves,0,1,2,4,5,27.2,0.58974359,0.641025641,4.67,0.28,4.95,116.2,111.5,4.7,97.3,0.25,0.455,0.587,0.553,13,25.8,0.197,0.532,13.2,75,0.179,1
2024-2025,Los Angeles Clippers,0,1,32,5,6,29.7,0.58974359,0.641025641,4.54,0.12,4.66,114.6,110,4.6,97.7,0.253,0.389,0.587,0.551,13.5,24.3,0.202,0.533,13.7,77.3,0.191,0.6
2024-2025,Chicago Bulls,1,1,9,6,20,25.2,0.461538462,0.435897436,-2.1,-0.14,-2.24,114,116.1,-2.1,102.9,0.215,0.458,0.585,0.554,12.7,22,0.173,0.54,10.7,76.5,0.181,0.666666667
2024-2025,Cleveland Cavaliers,1,0,-4,7,2,26.6,0.794871795,0.769230769,9.79,-0.83,8.97,122.2,112.4,9.8,99.8,0.243,0.457,0.61,0.58,11.6,25.7,0.19,0.529,12.7,74.7,0.182,0.222222222
2024-2025,Miami Heat,0,1,19,-1,16,26.8,0.448717949,0.5,-0.08,-0.1,-0.18,112.9,113,-0.1,96,0.235,0.431,0.575,0.541,12.6,22.1,0.187,0.543,12.5,75.7,0.157,0.444444444
2024-2025,Detroit Pistons,0,1,10,1,12,25.8,0.551282051,0.564102564,2.18,-0.28,1.9,114.7,112.5,2.2,99.9,0.25,0.392,0.579,0.545,13.1,26.2,0.195,0.536,13.3,76.2,0.215,0.777777778
2024-2025,Milwaukee Bucks,0,1,6,2,13,29.4,0.564102564,0.564102564,2.03,-0.38,1.65,115.4,113.4,2,99.3,0.266,0.422,0.596,0.566,12.2,19.3,0.2,0.532,11.4,76.3,0.178,1
2024-2025,Memphis Grizzlies,0,0,-6,3,8,24.7,0.58974359,0.628205128,4.65,-0.02,4.63,117.6,113.1,4.5,103.3,0.251,0.403,0.587,0.553,13.2,28.8,0.197,0.533,12.8,74.7,0.205,0.8
2024-2025,Detroit Pistons,0,1,24,-1,12,25.8,0.551282051,0.564102564,2.18,-0.28,1.9,114.7,112.5,2.2,99.9,0.25,0.392,0.579,0.545,13.1,26.2,0.195,0.536,13.3,76.2,0.215,0.777777778
2024-2025,Washington Wizards,1,1,14,1,30,23.6,0.217948718,0.179487179,-12.38,0.4,-11.99,107,119.3,-12.3,100.9,0.23,0.436,0.547,0.513,13.6,22.8,0.18,0.55,11.5,71.9,0.201,0.666666667
2024-2025,Chicago Bulls,0,0,-9,2,20,25.2,0.461538462,0.435897436,-2.1,-0.14,-2.24,114,116.1,-2.1,102.9,0.215,0.458,0.585,0.554,12.7,22,0.173,0.54,10.7,76.5,0.181,0.625
2024-2025,Chicago Bulls,1,1,25,-1,20,25.2,0.461538462,0.435897436,-2.1,-0.14,-2.24,114,116.1,-2.1,102.9,0.215,0.458,0.585,0.554,12.7,22,0.173,0.54,10.7,76.5,0.181,0.666666667
2024-2025,Orlando Magic,1,0,-4,1,17,24.9,0.487179487,0.487179487,-0.5,-0.67,-1.17,109.1,109.6,-0.5,96.1,0.271,0.411,0.548,0.508,12.9,25.2,0.211,0.538,15,77.3,0.223,0.571428571
2024-2025,Philadelphia 76ers,0,0,-4,-1,25,27.3,0.294871795,0.320512821,-6.21,0.13,-6.07,112.1,118.4,-6.3,97.2,0.257,0.424,0.565,0.528,12.3,23.2,0.201,0.572,14.4,71.9,0.195,0.666666667
2024-2025,Indiana Pacers,0,1,37,-2,11,25.8,0.602564103,0.564102564,2.32,-0.64,1.68,116.9,114.6,2.3,99.8,0.238,0.402,0.598,0.566,11.8,21,0.189,0.547,13.1,74.5,0.193,0.777777778
2024-2025,Indiana Pacers,0,0,-9,1,11,25.8,0.602564103,0.564102564,2.32,-0.64,1.68,116.9,114.6,2.3,99.8,0.238,0.402,0.598,0.566,11.8,21,0.189,0.547,13.1,74.5,0.193,0.777777778
2024-2025,Toronto Raptors,0,1,54,-1,24,24.5,0.367088608,0.367088608,-4.47,0.04,-4.43,110.4,114.8,-4.4,99.7,0.235,0.371,0.553,0.522,13.4,27.4,0.176,0.54,13.1,73.8,0.223,0.9
2024-2025,Minnesota Timberwolves,1,1,3,1,5,27.2,0.58974359,0.641025641,4.67,0.28,4.95,116.2,111.5,4.7,97.3,0.25,0.455,0.587,0.553,13,25.8,0.197,0.532,13.2,75,0.179,0.6
2024-2025,Houston Rockets,1,1,23,2,4,24.9,0.658227848,0.670886076,5.48,0.32,5.8,115.4,109.9,5.5,98.5,0.246,0.381,0.552,0.521,11.8,32,0.182,0.524,12.9,76.2,0.185,0.8
2024-2025,Oklahoma City Thunder,1,0,-13,3,1,24.7,0.820512821,0.820512821,12.53,0.08,12.61,120,107.5,12.5,99.9,0.22,0.418,0.592,0.559,10.4,24.2,0.18,0.514,15,74.7,0.21,0.4
2024-2025,Denver Nuggets,1,1,12,-1,9,27,0.594936709,0.607594937,3.65,-0.04,3.61,119.7,116.1,3.6,99.9,0.256,0.357,0.604,0.574,12.6,26.7,0.197,0.542,11.3,74.6,0.175,0.6
2024-2025,Sacramento Kings,0,0,-17,1,15,27.8,0.487179487,0.512820513,0.35,0.02,0.37,116.4,116.1,0.3,98.5,0.238,0.393,0.582,0.547,11.9,25.1,0.191,0.556,12.6,76.9,0.201,0.6
2024-2025,New Orleans Pelicans,0,1,1,-1,28,25.9,0.269230769,0.256410256,-8.71,0.76,-7.94,110.7,119.5,-8.8,98.9,0.243,0.383,0.553,0.521,12.8,26.5,0.183,0.563,12.4,72.6,0.189,0.8
2024-2025,Toronto Raptors,1,0,-13,1,24,24.5,0.367088608,0.367088608,-4.47,0.04,-4.43,110.4,114.8,-4.4,99.7,0.235,0.371,0.553,0.522,13.4,27.4,0.176,0.54,13.1,73.8,0.223,0.777777778
2024-2025,Orlando Magic,0,1,27,-1,17,24.9,0.487179487,0.487179487,-0.5,-0.67,-1.17,109.1,109.6,-0.5,96.1,0.271,0.411,0.548,0.508,12.9,25.2,0.211,0.538,15,77.3,0.223,0.75
2024-2025,Atlanta Hawks,0,0,-4,1,19,24.9,0.474358974,0.448717949,-1.74,-0.1,-1.84,114.2,115.9,-1.7,102.7,0.252,0.408,0.577,0.543,13.2,26.2,0.196,0.562,13.8,76.1,0.204,0.666666667
2024-2025,Golden State Warriors,1,1,40,-1,10,28.6,0.58974359,0.58974359,2.87,0.34,3.22,114.8,111.9,2.9,98.8,0.24,0.468,0.567,0.536,12.3,27.4,0.183,0.542,13.9,75.7,0.19,0.6
2024-2025,Los Angeles Clippers,1,1,4,1,6,29.7,0.58974359,0.641025641,4.54,0.12,4.66,114.6,110,4.6,97.7,0.253,0.389,0.587,0.551,13.5,24.3,0.202,0.533,13.7,77.3,0.191,0.6
2024-2025,Los Angeles Lakers,1,0,-21,2,14,27.9,0.615384615,0.538461538,1.26,0.04,1.3,115.9,114.6,1.3,97.6,0.271,0.426,0.592,0.556,12.6,23.1,0.214,0.539,12.1,74.9,0.18,0.6
2024-2025,Dallas Mavericks,1,1,15,-1,18,27.5,0.481012658,0.46835443,-0.89,0.45,-0.43,115.1,115.9,-0.8,99.3,0.264,0.391,0.583,0.549,12.4,23.2,0.204,0.54,11.7,73.3,0.181,0.6
2024-2025,Houston Rockets,0,0,-2,1,4,24.9,0.658227848,0.670886076,5.48,0.32,5.8,115.4,109.9,5.5,98.5,0.246,0.381,0.552,0.521,11.8,32,0.182,0.524,12.9,76.2,0.185,0.8
2024-2025,Chicago Bulls,0,1,22,-1,20,25.2,0.461538462,0.435897436,-2.1,-0.14,-2.24,114,116.1,-2.1,102.9,0.215,0.458,0.585,0.554,12.7,22,0.173,0.54,10.7,76.5,0.181,0.625
2024-2025,New Orleans Pelicans,1,1,2,1,28,25.9,0.269230769,0.256410256,-8.71,0.76,-7.94,110.7,119.5,-8.8,98.9,0.243,0.383,0.553,0.521,12.8,26.5,0.183,0.563,12.4,72.6,0.189,0.8
2024-2025,Philadelphia 76ers,1,1,8,2,25,27.3,0.294871795,0.320512821,-6.21,0.13,-6.07,112.1,118.4,-6.3,97.2,0.257,0.424,0.565,0.528,12.3,23.2,0.201,0.572,14.4,71.9,0.195,0.5
2024-2025,Cleveland Cavaliers,1,1,7,3,2,26.6,0.794871795,0.769230769,9.79,-0.83,8.97,122.2,112.4,9.8,99.8,0.243,0.457,0.61,0.58,11.6,25.7,0.19,0.529,12.7,74.7,0.182,0.222222222
2024-2025,Dallas Mavericks,0,0,-7,4,18,27.5,0.481012658,0.46835443,-0.89,0.45,-0.43,115.1,115.9,-0.8,99.3,0.264,0.391,0.583,0.549,12.4,23.2,0.204,0.54,11.7,73.3,0.181,0.4
2024-2025,New York Knicks,1,1,27,-1,7,27.5,0.641025641,0.628205128,4.42,-0.7,3.72,118.7,114.2,4.5,96.9,0.233,0.38,0.591,0.558,11.9,25.9,0.187,0.547,13,74.4,0.174,0.5
2024-2025,Miami Heat,1,1,18,1,16,26.8,0.448717949,0.5,-0.08,-0.1,-0.18,112.9,113,-0.1,96,0.235,0.431,0.575,0.541,12.6,22.1,0.187,0.543,12.5,75.7,0.157,0.875
2024-2025,San Antonio Spurs,0,1,13,2,22,26,0.41025641,0.423076923,-2.72,0.32,-2.4,114.4,117.1,-2.7,99.4,0.234,0.44,0.574,0.543,12.2,24.5,0.181,0.551,12,73.1,0.159,0.8
2024-2025,Philadelphia 76ers,1,1,20,3,25,27.3,0.294871795,0.320512821,-6.21,0.13,-6.07,112.1,118.4,-6.3,97.2,0.257,0.424,0.565,0.528,12.3,23.2,0.201,0.572,14.4,71.9,0.195,0.5
2024-2025,New York Knicks,0,1,13,4,7,27.5,0.641025641,0.628205128,4.42,-0.7,3.72,118.7,114.2,4.5,96.9,0.233,0.38,0.591,0.558,11.9,25.9,0.187,0.547,13,74.4,0.174,0.636363636
2024-2025,Toronto Raptors,1,1,10,5,24,24.5,0.367088608,0.367088608,-4.47,0.04,-4.43,110.4,114.8,-4.4,99.7,0.235,0.371,0.553,0.522,13.4,27.4,0.176,0.54,13.1,73.8,0.223,0.777777778
2024-2025,Detroit Pistons,1,0,-20,6,12,25.8,0.551282051,0.564102564,2.18,-0.28,1.9,114.7,112.5,2.2,99.9,0.25,0.392,0.579,0.545,13.1,26.2,0.195,0.536,13.3,76.2,0.215,0.777777778
2024-2025,Cleveland Cavaliers,0,0,-7,-1,2,26.6,0.794871795,0.769230769,9.79,-0.83,8.97,122.2,112.4,9.8,99.8,0.243,0.457,0.61,0.58,11.6,25.7,0.19,0.529,12.7,74.7,0.182,0.75
2024-2025,Denver Nuggets,0,1,7,-2,9,27,0.594936709,0.607594937,3.65,-0.04,3.61,119.7,116.1,3.6,99.9,0.256,0.357,0.604,0.574,12.6,26.7,0.197,0.542,11.3,74.6,0.175,0.8
2024-2025,Portland Trail Blazers,0,1,10,1,23,23.8,0.443037975,0.405063291,-3.14,0.38,-2.76,112,115.2,-3.2,98.8,0.246,0.419,0.557,0.523,13.7,29,0.189,0.544,13.5,72.5,0.204,0.6
2024-2025,Philadelphia 76ers,0,1,18,2,25,27.3,0.294871795,0.320512821,-6.21,0.13,-6.07,112.1,118.4,-6.3,97.2,0.257,0.424,0.565,0.528,12.3,23.2,0.201,0.572,14.4,71.9,0.195,0.666666667
2024-2025,Los Angeles Lakers,0,1,10,3,14,27.9,0.615384615,0.538461538,1.26,0.04,1.3,115.9,114.6,1.3,97.6,0.271,0.426,0.592,0.556,12.6,23.1,0.214,0.539,12.1,74.9,0.18,0.6
2024-2025,Utah Jazz,0,1,6,4,29,23.9,0.202531646,0.253164557,-9.22,0.66,-8.55,111.2,120.4,-9.2,99.9,0.255,0.448,0.568,0.533,14.9,26.8,0.197,0.559,10.3,74.1,0.188,0.8
2024-2025,Oklahoma City Thunder,0,0,-6,5,1,24.7,0.820512821,0.820512821,12.53,0.08,12.61,120,107.5,12.5,99.9,0.22,0.418,0.592,0.559,10.4,24.2,0.18,0.514,15,74.7,0.21,0.6
2024-2025,Miami Heat,1,1,12,-1,16,26.8,0.448717949,0.5,-0.08,-0.1,-0.18,112.9,113,-0.1,96,0.235,0.431,0.575,0.541,12.6,22.1,0.187,0.543,12.5,75.7,0.157,0.875
2024-2025,Brooklyn Nets,1,1,2,1,26,24.8,0.320512821,0.294871795,-6.79,0.17,-6.62,108.5,115.6,-7.1,96.3,0.239,0.456,0.551,0.515,13.7,24.7,0.189,0.555,13.7,74.8,0.216,0.8
2024-2025,Brooklyn Nets,0,1,8,2,26,24.8,0.320512821,0.294871795,-6.79,0.17,-6.62,108.5,115.6,-7.1,96.3,0.239,0.456,0.551,0.515,13.7,24.7,0.189,0.555,13.7,74.8,0.216,0.666666667
2024-2025,Utah Jazz,1,1,22,3,29,23.9,0.202531646,0.253164557,-9.22,0.66,-8.55,111.2,120.4,-9.2,99.9,0.255,0.448,0.568,0.533,14.9,26.8,0.197,0.559,10.3,74.1,0.188,0.4
2024-2025,Portland Trail Blazers,1,1,13,4,23,23.8,0.443037975,0.405063291,-3.14,0.38,-2.76,112,115.2,-3.2,98.8,0.246,0.419,0.557,0.523,13.7,29,0.189,0.544,13.5,72.5,0.204,1
2024-2025,Sacramento Kings,1,1,18,5,15,27.8,0.487179487,0.512820513,0.35,0.02,0.37,116.4,116.1,0.3,98.5,0.238,0.393,0.582,0.547,11.9,25.1,0.191,0.556,12.6,76.9,0.201,0.8
2024-2025,Phoenix Suns,1,1,30,6,21,29.1,0.448717949,0.423076923,-2.6,0.27,-2.33,116.6,119.2,-2.6,97.1,0.246,0.437,0.597,0.562,12.8,22.6,0.199,0.551,10.8,74.1,0.192,0.6
2024-2025,San Antonio Spurs,1,1,10,7,22,26,0.41025641,0.423076923,-2.72,0.32,-2.4,114.4,117.1,-2.7,99.4,0.234,0.44,0.574,0.543,12.2,24.5,0.181,0.551,12,73.1,0.159,0.6
2024-2025,Memphis Grizzlies,1,1,14,8,8,24.7,0.58974359,0.628205128,4.65,-0.02,4.63,117.6,113.1,4.5,103.3,0.251,0.403,0.587,0.553,13.2,28.8,0.197,0.533,12.8,74.7,0.205,0.8
2024-2025,Miami Heat,0,0,-21,9,16,26.8,0.448717949,0.5,-0.08,-0.1,-0.18,112.9,113,-0.1,96,0.235,0.431,0.575,0.541,12.6,22.1,0.187,0.543,12.5,75.7,0.157,0.444444444
2024-2025,Phoenix Suns,0,1,20,-1,21,29.1,0.448717949,0.423076923,-2.6,0.27,-2.33,116.6,119.2,-2.6,97.1,0.246,0.437,0.597,0.562,12.8,22.6,0.199,0.551,10.8,74.1,0.192,0.8
2024-2025,Washington Wizards,0,1,34,1,30,23.6,0.217948718,0.179487179,-12.38,0.4,-11.99,107,119.3,-12.3,100.9,0.23,0.436,0.547,0.513,13.6,22.8,0.18,0.55,11.5,71.9,0.201,0.888888889
2023-2024,New York Knicks,1,1,4,0,5,26.4,0.609756098,0.646341463,4.59,-0.23,4.36,118.2,113.4,4.8,95.2,0.246,0.404,0.574,0.54,11.9,29.4,0.192,0.543,12.3,76.1,0.176,0.5
2023-2024,Miami Heat,0,1,8,1,16,28,0.56097561,0.56097561,1.76,-0.66,1.1,114,112.2,1.8,96.2,0.257,0.394,0.578,0.538,11.7,21.8,0.21,0.543,12.7,78.1,0.174,0.444444444
2023-2024,Washington Wizards,1,1,19,2,28,24.9,0.182926829,0.243902439,-9.29,0,-9.29,110.5,119.6,-9.1,102.7,0.221,0.389,0.567,0.538,12.2,20,0.169,0.562,12,72.5,0.201,0.666666667
2023-2024,Indiana Pacers,0,1,51,3,10,25.3,0.573170732,0.585365854,3.05,-0.3,2.75,121,118,3,101.7,0.222,0.38,0.606,0.578,11.3,23.8,0.173,0.556,12.1,74.1,0.228,0.777777778
2023-2024,Brooklyn Nets,1,1,10,4,22,26.1,0.390243902,0.414634146,-2.89,-0.13,-3.02,113.2,116.1,-2.9,96.9,0.234,0.412,0.561,0.531,11.8,25.2,0.177,0.543,11.4,76,0.193,0.8
2023-2024,Minnesota Timberwolves,1,0,-5,5,3,27.2,0.682926829,0.695121951,6.45,-0.07,6.39,115.6,109,6.6,97.1,0.27,0.384,0.594,0.559,13,23.2,0.209,0.515,12.9,76.9,0.197,0.6
2023-2024,Philadelphia 76ers,1,0,-3,-1,8,28.4,0.573170732,0.597560976,3.05,-0.54,2.51,116.9,113.8,3.1,97.5,0.264,0.373,0.574,0.532,10.7,24.8,0.218,0.537,13.1,74.3,0.215,0.5
2023-2024,Brooklyn Nets,0,1,14,-2,22,26.1,0.390243902,0.414634146,-2.89,-0.13,-3.02,113.2,116.1,-2.9,96.9,0.234,0.412,0.561,0.531,11.8,25.2,0.177,0.543,11.4,76,0.193,0.666666667
2023-2024,Toronto Raptors,0,1,23,1,25,25.9,0.304878049,0.317073171,-6.44,-0.01,-6.45,112.3,118.8,-6.5,99.4,0.241,0.369,0.566,0.535,12.4,24.2,0.182,0.566,12.2,73.9,0.172,0.9
2023-2024,New York Knicks,0,1,16,2,5,26.4,0.609756098,0.646341463,4.59,-0.23,4.36,118.2,113.4,4.8,95.2,0.246,0.404,0.574,0.54,11.9,29.4,0.192,0.543,12.3,76.1,0.176,0.636363636
2023-2024,Philadelphia 76ers,1,1,10,3,8,28.4,0.573170732,0.597560976,3.05,-0.54,2.51,116.9,113.8,3.1,97.5,0.264,0.373,0.574,0.532,10.7,24.8,0.218,0.537,13.1,74.3,0.215,0.5
2023-2024,Toronto Raptors,1,1,3,4,25,25.9,0.304878049,0.317073171,-6.44,-0.01,-6.45,112.3,118.8,-6.5,99.4,0.241,0.369,0.566,0.535,12.4,24.2,0.182,0.566,12.2,73.9,0.172,0.777777778
2023-2024,Memphis Grizzlies,1,1,2,5,26,24.4,0.329268293,0.292682927,-7,0.43,-6.57,107.2,114.3,-7.1,98.2,0.238,0.428,0.543,0.509,13.4,23.8,0.182,0.551,13.5,74.8,0.195,0.8
2023-2024,Charlotte Hornets,1,0,-3,6,30,25.1,0.256097561,0.219512195,-10.24,0.13,-10.12,109.3,119.8,-10.5,97.3,0.212,0.391,0.56,0.529,12.6,21.1,0.167,0.572,12.3,74.5,0.188,0.777777778
2023-2024,Milwaukee Bucks,0,1,3,-1,12,30.2,0.597560976,0.573170732,2.62,-0.18,2.44,118.4,115.8,2.6,99.9,0.27,0.43,0.601,0.568,11.5,21.8,0.209,0.539,10.6,77.2,0.189,1
2023-2024,Orlando Magic,1,0,-17,1,15,24,0.573170732,0.56097561,2.02,-0.55,1.48,113.4,111.3,2.1,96.9,0.287,0.369,0.577,0.541,13.3,25.3,0.218,0.543,13.8,78.1,0.206,0.571428571
2023-2024,Atlanta Hawks,0,1,10,-1,21,26.2,0.43902439,0.43902439,-2.18,-0.19,-2.38,117.2,119.4,-2.2,100.1,0.251,0.408,0.576,0.539,11.6,27.1,0.2,0.572,12.4,75.2,0.192,0.666666667
2023-2024,Chicago Bulls,0,1,27,1,20,28.1,0.475609756,0.451219512,-1.44,-0.33,-1.77,114.9,116.3,-1.4,96.3,0.236,0.358,0.568,0.534,11,25.1,0.187,0.556,12.7,76.4,0.195,0.625
2023-2024,Philadelphia 76ers,0,1,6,2,8,28.4,0.573170732,0.597560976,3.05,-0.54,2.51,116.9,113.8,3.1,97.5,0.264,0.373,0.574,0.532,10.7,24.8,0.218,0.537,13.1,74.3,0.215,0.666666667
2023-2024,Indiana Pacers,1,0,-10,3,10,25.3,0.573170732,0.585365854,3.05,-0.3,2.75,121,118,3,101.7,0.222,0.38,0.606,0.578,11.3,23.8,0.173,0.556,12.1,74.1,0.228,0.444444444
2023-2024,New York Knicks,0,1,10,-1,5,26.4,0.609756098,0.646341463,4.59,-0.23,4.36,118.2,113.4,4.8,95.2,0.246,0.404,0.574,0.54,11.9,29.4,0.192,0.543,12.3,76.1,0.176,0.636363636
2023-2024,Cleveland Cavaliers,0,1,7,1,13,26.2,0.585365854,0.573170732,2.41,-0.44,1.98,115.2,112.7,2.5,97.2,0.234,0.422,0.586,0.557,12.4,23.2,0.179,0.535,12.3,76.9,0.19,0.75
2023-2024,Cleveland Cavaliers,0,1,9,2,13,26.2,0.585365854,0.573170732,2.41,-0.44,1.98,115.2,112.7,2.5,97.2,0.234,0.422,0.586,0.557,12.4,23.2,0.179,0.535,12.3,76.9,0.19,0.75
2023-2024,Orlando Magic,0,1,17,3,15,24,0.573170732,0.56097561,2.02,-0.55,1.48,113.4,111.3,2.1,96.9,0.287,0.369,0.577,0.541,13.3,25.3,0.218,0.543,13.8,78.1,0.206,0.75
2023-2024,Orlando Magic,0,1,17,4,15,24,0.573170732,0.56097561,2.02,-0.55,1.48,113.4,111.3,2.1,96.9,0.287,0.369,0.577,0.541,13.3,25.3,0.218,0.543,13.8,78.1,0.206,0.75
2023-2024,Golden State Warriors,1,0,-6,5,11,28.4,0.56097561,0.573170732,2.61,0.16,2.77,117.8,115.2,2.6,99.2,0.219,0.425,0.586,0.557,12.5,27.5,0.171,0.539,11.5,76.1,0.195,0.6
2023-2024,Sacramento Kings,1,1,25,-1,17,26.4,0.56097561,0.548780488,1.74,0.55,2.29,116.9,115.2,1.7,98.8,0.229,0.432,0.582,0.556,11.6,24.5,0.171,0.555,12.5,78.4,0.213,0.8
2023-2024,Los Angeles Clippers,1,1,37,1,7,30.4,0.62195122,0.597560976,3.28,0.13,3.41,118.8,115.4,3.4,97.2,0.256,0.383,0.599,0.561,12,24.4,0.211,0.541,11.7,74.8,0.183,0.6
2023-2024,Los Angeles Lakers,1,1,11,2,19,28,0.573170732,0.512195122,0.6,0.48,1.07,115.9,115.3,0.6,100.9,0.276,0.358,0.601,0.566,12.5,19.9,0.216,0.55,11.7,76.2,0.153,0.6
2023-2024,Detroit Pistons,0,1,6,3,27,23.8,0.170731707,0.243902439,-9.11,0.05,-9.06,109.7,118.8,-9.1,99.8,0.246,0.36,0.562,0.526,13.5,23.9,0.193,0.558,11.1,77.3,0.221,0.777777778
2023-2024,Toronto Raptors,0,1,2,4,25,25.9,0.304878049,0.317073171,-6.44,-0.01,-6.45,112.3,118.8,-6.5,99.4,0.241,0.369,0.566,0.535,12.4,24.2,0.182,0.566,12.2,73.9,0.172,0.9
2023-2024,San Antonio Spurs,1,1,33,5,24,23,0.268292683,0.317073171,-6.49,0.69,-5.8,110,116.4,-6.4,101.1,0.22,0.401,0.563,0.532,13.2,22.9,0.172,0.555,11.7,76.4,0.174,0.6
2023-2024,Oklahoma City Thunder,1,0,-4,6,2,23.4,0.695121951,0.707317073,7.41,-0.05,7.36,119.5,112.1,7.4,99.8,0.24,0.383,0.608,0.573,11.4,21.1,0.198,0.53,13.6,73.8,0.202,0.4
2023-2024,Utah Jazz,0,1,29,-1,23,25.1,0.37804878,0.353658537,-4.89,0.68,-4.22,115.5,120.4,-4.9,99.5,0.251,0.406,0.579,0.539,13.6,28.1,0.209,0.567,10.9,75.2,0.182,0.8
2023-2024,Indiana Pacers,1,1,17,1,10,25.3,0.573170732,0.585365854,3.05,-0.3,2.75,121,118,3,101.7,0.222,0.38,0.606,0.578,11.3,23.8,0.173,0.556,12.1,74.1,0.228,0.444444444
2023-2024,Indiana Pacers,1,0,-2,2,10,25.3,0.573170732,0.585365854,3.05,-0.3,2.75,121,118,3,101.7,0.222,0.38,0.606,0.578,11.3,23.8,0.173,0.556,12.1,74.1,0.228,0.444444444
2023-2024,Minnesota Timberwolves,0,1,7,-1,3,27.2,0.682926829,0.695121951,6.45,-0.07,6.39,115.6,109,6.6,97.1,0.27,0.384,0.594,0.559,13,23.2,0.209,0.515,12.9,76.9,0.197,1
2023-2024,Milwaukee Bucks,1,0,-33,1,12,30.2,0.597560976,0.573170732,2.62,-0.18,2.44,118.4,115.8,2.6,99.9,0.27,0.43,0.601,0.568,11.5,21.8,0.209,0.539,10.6,77.2,0.189,0.333333333
2023-2024,Houston Rockets,0,1,32,-1,18,25.1,0.5,0.536585366,1.12,0.12,1.24,114.5,113.4,1.1,99,0.257,0.397,0.565,0.529,11.2,25.1,0.199,0.533,12.2,76,0.219,0.8
2023-2024,Toronto Raptors,1,1,9,1,25,25.9,0.304878049,0.317073171,-6.44,-0.01,-6.45,112.3,118.8,-6.5,99.4,0.241,0.369,0.566,0.535,12.4,24.2,0.182,0.566,12.2,73.9,0.172,0.777777778
2023-2024,San Antonio Spurs,0,1,19,2,24,23,0.268292683,0.317073171,-6.49,0.69,-5.8,110,116.4,-6.4,101.1,0.22,0.401,0.563,0.532,13.2,22.9,0.172,0.555,11.7,76.4,0.174,0.8
2023-2024,Denver Nuggets,0,0,-2,3,4,27.1,0.695121951,0.658536585,5.26,-0.03,5.23,118.5,113,5.5,96.8,0.224,0.352,0.589,0.562,11.5,25.5,0.17,0.526,11.2,75.6,0.195,0.8
2023-2024,Houston Rockets,1,1,9,-1,18,25.1,0.5,0.536585366,1.12,0.12,1.24,114.5,113.4,1.1,99,0.257,0.397,0.565,0.529,11.2,25.1,0.199,0.533,12.2,76,0.219,0.8
2023-2024,Dallas Mavericks,1,1,9,1,14,26.5,0.609756098,0.56097561,2.21,0.09,2.3,117.6,115.4,2.2,100.1,0.251,0.441,0.592,0.562,11.2,22.2,0.19,0.548,12.1,75.2,0.184,0.6
2023-2024,Miami Heat,1,1,33,2,16,28,0.56097561,0.56097561,1.76,-0.66,1.1,114,112.2,1.8,96.2,0.257,0.394,0.578,0.538,11.7,21.8,0.21,0.543,12.7,78.1,0.174,0.875
2023-2024,Los Angeles Clippers,0,0,-19,3,7,30.4,0.62195122,0.597560976,3.28,0.13,3.41,118.8,115.4,3.4,97.2,0.256,0.383,0.599,0.561,12,24.4,0.211,0.541,11.7,74.8,0.183,0.6
2023-2024,New Orleans Pelicans,0,1,6,-1,6,26,0.597560976,0.634146341,4.41,0.05,4.46,117.4,112.9,4.5,97.9,0.261,0.373,0.591,0.558,11.8,24.4,0.202,0.541,12.9,76.9,0.186,0.8
2023-2024,Indiana Pacers,0,1,5,1,10,25.3,0.573170732,0.585365854,3.05,-0.3,2.75,121,118,3,101.7,0.222,0.38,0.606,0.578,11.3,23.8,0.173,0.556,12.1,74.1,0.228,0.777777778
2023-2024,Los Angeles Lakers,0,0,-9,2,19,28,0.573170732,0.512195122,0.6,0.48,1.07,115.9,115.3,0.6,100.9,0.276,0.358,0.601,0.566,12.5,19.9,0.216,0.55,11.7,76.2,0.153,0.6
2023-2024,Memphis Grizzlies,0,1,40,-1,26,24.4,0.329268293,0.292682927,-7,0.43,-6.57,107.2,114.3,-7.1,98.2,0.238,0.428,0.543,0.509,13.4,23.8,0.182,0.551,13.5,74.8,0.195,0.8
2023-2024,Atlanta Hawks,0,1,8,1,21,26.2,0.43902439,0.43902439,-2.18,-0.19,-2.38,117.2,119.4,-2.2,100.1,0.251,0.408,0.576,0.539,11.6,27.1,0.2,0.572,12.4,75.2,0.192,0.666666667
2023-2024,Washington Wizards,0,1,4,2,28,24.9,0.182926829,0.243902439,-9.29,0,-9.29,110.5,119.6,-9.1,102.7,0.221,0.389,0.567,0.538,12.2,20,0.169,0.562,12,72.5,0.201,0.888888889
2023-2024,Miami Heat,1,1,4,3,16,28,0.56097561,0.56097561,1.76,-0.66,1.1,114,112.2,1.8,96.2,0.257,0.394,0.578,0.538,11.7,21.8,0.21,0.543,12.7,78.1,0.174,0.875
2023-2024,Brooklyn Nets,1,1,8,4,22,26.1,0.390243902,0.414634146,-2.89,-0.13,-3.02,113.2,116.1,-2.9,96.9,0.234,0.412,0.561,0.531,11.8,25.2,0.177,0.543,11.4,76,0.193,0.8
2023-2024,Brooklyn Nets,0,1,50,5,22,26.1,0.390243902,0.414634146,-2.89,-0.13,-3.02,113.2,116.1,-2.9,96.9,0.234,0.412,0.561,0.531,11.8,25.2,0.177,0.543,11.4,76,0.193,0.666666667
2023-2024,Chicago Bulls,1,1,17,6,20,28.1,0.475609756,0.451219512,-1.44,-0.33,-1.77,114.9,116.3,-1.4,96.3,0.236,0.358,0.568,0.534,11,25.1,0.187,0.556,12.7,76.4,0.195,0.666666667
2023-2024,New York Knicks,1,1,14,7,5,26.4,0.609756098,0.646341463,4.59,-0.23,4.36,118.2,113.4,4.8,95.2,0.246,0.404,0.574,0.54,11.9,29.4,0.192,0.543,12.3,76.1,0.176,0.5
2023-2024,Philadelphia 76ers,0,1,18,8,8,28.4,0.573170732,0.597560976,3.05,-0.54,2.51,116.9,113.8,3.1,97.5,0.264,0.373,0.574,0.532,10.7,24.8,0.218,0.537,13.1,74.3,0.215,0.666666667
2023-2024,Dallas Mavericks,0,1,28,9,14,26.5,0.609756098,0.56097561,2.21,0.09,2.3,117.6,115.4,2.2,100.1,0.251,0.441,0.592,0.562,11.2,22.2,0.19,0.548,12.1,75.2,0.184,0.4
2023-2024,Golden State Warriors,0,1,52,10,11,28.4,0.56097561,0.573170732,2.61,0.16,2.77,117.8,115.2,2.6,99.2,0.219,0.425,0.586,0.557,12.5,27.5,0.171,0.539,11.5,76.1,0.195,0.6
2023-2024,Cleveland Cavaliers,1,0,-1,11,13,26.2,0.585365854,0.573170732,2.41,-0.44,1.98,115.2,112.7,2.5,97.2,0.234,0.422,0.586,0.557,12.4,23.2,0.179,0.535,12.3,76.9,0.19,0.222222222
2023-2024,Denver Nuggets,1,0,-6,-1,4,27.1,0.695121951,0.658536585,5.26,-0.03,5.23,118.5,113,5.5,96.8,0.224,0.352,0.589,0.562,11.5,25.5,0.17,0.526,11.2,75.6,0.195,0.6
2023-2024,Phoenix Suns,1,1,10,-2,9,29.3,0.597560976,0.597560976,3.06,0.02,3.08,117.6,114.6,3,98.3,0.271,0.378,0.603,0.565,13.4,25,0.219,0.536,11.3,75.6,0.178,0.6
2023-2024,Portland Trail Blazers,1,1,22,1,29,24.1,0.256097561,0.243902439,-9.02,0.74,-8.29,108.3,117.5,-9.2,97.2,0.228,0.37,0.539,0.503,13.4,27.5,0.181,0.558,12.8,74,0.216,1
2023-2024,Utah Jazz,1,1,16,2,23,25.1,0.37804878,0.353658537,-4.89,0.68,-4.22,115.5,120.4,-4.9,99.5,0.251,0.406,0.579,0.539,13.6,28.1,0.209,0.567,10.9,75.2,0.182,0.4
2023-2024,Phoenix Suns,0,1,15,3,9,29.3,0.597560976,0.597560976,3.06,0.02,3.08,117.6,114.6,3,98.3,0.271,0.378,0.603,0.565,13.4,25,0.219,0.536,11.3,75.6,0.178,0.8
2023-2024,Washington Wizards,1,1,26,4,28,24.9,0.182926829,0.243902439,-9.29,0,-9.29,110.5,119.6,-9.1,102.7,0.221,0.389,0.567,0.538,12.2,20,0.169,0.562,12,72.5,0.201,0.666666667
2023-2024,Detroit Pistons,0,1,25,5,27,23.8,0.170731707,0.243902439,-9.11,0.05,-9.06,109.7,118.8,-9.1,99.8,0.246,0.36,0.562,0.526,13.5,23.9,0.193,0.558,11.1,77.3,0.221,0.777777778
2023-2024,Milwaukee Bucks,0,1,3,6,12,30.2,0.597560976,0.573170732,2.62,-0.18,2.44,118.4,115.8,2.6,99.9,0.27,0.43,0.601,0.568,11.5,21.8,0.209,0.539,10.6,77.2,0.189,1
2023-2024,Detroit Pistons,1,1,27,7,27,23.8,0.170731707,0.243902439,-9.11,0.05,-9.06,109.7,118.8,-9.1,99.8,0.246,0.36,0.562,0.526,13.5,23.9,0.193,0.558,11.1,77.3,0.221,0.777777778
2023-2024,Chicago Bulls,1,1,11,8,20,28.1,0.475609756,0.451219512,-1.44,-0.33,-1.77,114.9,116.3,-1.4,96.3,0.236,0.358,0.568,0.534,11,25.1,0.187,0.556,12.7,76.4,0.195,0.666666667
2023-2024,Atlanta Hawks,1,0,-2,9,21,26.2,0.43902439,0.43902439,-2.18,-0.19,-2.38,117.2,119.4,-2.2,100.1,0.251,0.408,0.576,0.539,11.6,27.1,0.2,0.572,12.4,75.2,0.192,0.375
2023-2024,Atlanta Hawks,1,0,-1,-1,21,26.2,0.43902439,0.43902439,-2.18,-0.19,-2.38,117.2,119.4,-2.2,100.1,0.251,0.408,0.576,0.539,11.6,27.1,0.2,0.572,12.4,75.2,0.192,0.375
2023-2024,New Orleans Pelicans,1,1,12,-2,6,26,0.597560976,0.634146341,4.41,0.05,4.46,117.4,112.9,4.5,97.9,0.261,0.373,0.591,0.558,11.8,24.4,0.202,0.541,12.9,76.9,0.186,0.8
2023-2024,Charlotte Hornets,1,1,14,1,30,25.1,0.256097561,0.219512195,-10.24,0.13,-10.12,109.3,119.8,-10.5,97.3,0.212,0.391,0.56,0.529,12.6,21.1,0.167,0.572,12.3,74.5,0.188,0.777777778
2023-2024,Oklahoma City Thunder,0,1,35,2,2,23.4,0.695121951,0.707317073,7.41,-0.05,7.36,119.5,112.1,7.4,99.8,0.24,0.383,0.608,0.573,11.4,21.1,0.198,0.53,13.6,73.8,0.202,0.6
2023-2024,Sacramento Kings,0,1,1,3,17,26.4,0.56097561,0.548780488,1.74,0.55,2.29,116.9,115.2,1.7,98.8,0.229,0.432,0.582,0.556,11.6,24.5,0.171,0.555,12.5,78.4,0.213,0.6
2023-2024,Portland Trail Blazers,0,1,17,4,29,24.1,0.256097561,0.243902439,-9.02,0.74,-8.29,108.3,117.5,-9.2,97.2,0.228,0.37,0.539,0.503,13.4,27.5,0.181,0.558,12.8,74,0.216,0.6
2023-2024,Milwaukee Bucks,1,0,-13,5,12,30.2,0.597560976,0.573170732,2.62,-0.18,2.44,118.4,115.8,2.6,99.9,0.27,0.43,0.601,0.568,11.5,21.8,0.209,0.539,10.6,77.2,0.189,0.333333333
2023-2024,New York Knicks,0,0,-9,-1,5,26.4,0.609756098,0.646341463,4.59,-0.23,4.36,118.2,113.4,4.8,95.2,0.246,0.404,0.574,0.54,11.9,29.4,0.192,0.543,12.3,76.1,0.176,0.636363636
2023-2024,Charlotte Hornets,0,1,33,-2,30,25.1,0.256097561,0.219512195,-10.24,0.13,-10.12,109.3,119.8,-10.5,97.3,0.212,0.391,0.56,0.529,12.6,21.1,0.167,0.572,12.3,74.5,0.188,0.857142857
2023-2024,Washington Wizards,0,1,10,1,28,24.9,0.182926829,0.243902439,-9.29,0,-9.29,110.5,119.6,-9.1,102.7,0.221,0.389,0.567,0.538,12.2,20,0.169,0.562,12,72.5,0.201,0.888888889
2022-2023,Philadelphia 76ers,0,1,9,0,3,28.2,0.658536585,0.634146341,4.32,0.06,4.37,117.7,113.3,4.4,96.9,0.3,0.389,0.608,0.563,12.6,21.6,0.25,0.541,13,77.2,0.217,0.666666667
2022-2023,Miami Heat,1,1,7,1,21,27.7,0.536585366,0.487804878,-0.32,0.18,-0.13,113,113.3,-0.3,96.3,0.27,0.408,0.574,0.53,12.4,22.8,0.224,0.561,14.5,77.7,0.198,0.875
2022-2023,Orlando Magic,1,1,6,2,24,23.1,0.414634146,0.426829268,-2.56,0.17,-2.39,111.6,114.2,-2.6,99.3,0.29,0.361,0.573,0.532,13.4,23.8,0.227,0.55,13.1,77.7,0.211,0.571428571
2022-2023,Chicago Bulls,1,0,-18,3,13,27.5,0.487804878,0.536585366,1.29,0.07,1.37,113.5,112.2,1.3,98.5,0.251,0.333,0.587,0.55,12.2,20.1,0.203,0.544,13.5,77.8,0.197,0.666666667
2022-2023,Cleveland Cavaliers,0,0,-9,-1,2,25.4,0.62195122,0.670731707,5.38,-0.15,5.23,116.1,110.6,5.5,95.7,0.264,0.371,0.59,0.556,12.3,23.6,0.206,0.535,14.4,76.3,0.21,0.75
2022-2023,Washington Wizards,0,1,18,-2,23,26.2,0.426829268,0.463414634,-1.21,0.15,-1.06,114.4,115.6,-1.2,98.6,0.258,0.365,0.585,0.55,12.7,22.6,0.202,0.54,11,76.1,0.194,0.888888889
2022-2023,Cleveland Cavaliers,1,0,-1,1,2,25.4,0.62195122,0.670731707,5.38,-0.15,5.23,116.1,110.6,5.5,95.7,0.264,0.371,0.59,0.556,12.3,23.6,0.206,0.535,14.4,76.3,0.21,0.222222222
2022-2023,Chicago Bulls,0,1,4,-1,13,27.5,0.487804878,0.536585366,1.29,0.07,1.37,113.5,112.2,1.3,98.5,0.251,0.333,0.587,0.55,12.2,20.1,0.203,0.544,13.5,77.8,0.197,0.625
2022-2023,New York Knicks,1,1,15,1,7,24.5,0.573170732,0.585365854,2.93,0.06,2.99,117.8,114.8,3,97.1,0.285,0.4,0.577,0.541,11.4,28.3,0.217,0.536,11.4,77.1,0.21,0.5
2022-2023,Memphis Grizzlies,1,1,3,2,4,24.4,0.62195122,0.62195122,3.94,-0.34,3.6,115.1,111.2,3.9,101.1,0.259,0.372,0.57,0.54,11.7,26.5,0.19,0.526,13.1,75.9,0.206,0.8
2022-2023,Detroit Pistons,0,1,16,3,29,24.1,0.207317073,0.268292683,-8.22,0.49,-7.73,110.7,118.9,-8.2,99,0.295,0.372,0.561,0.52,13.3,24.9,0.227,0.557,11.9,74,0.231,0.777777778
2022-2023,Denver Nuggets,0,1,19,4,6,26.6,0.646341463,0.597560976,3.33,-0.29,3.04,117.6,114.2,3.4,98.1,0.259,0.361,0.601,0.573,13.1,24.8,0.194,0.543,12.2,76.4,0.201,0.8
2022-2023,Detroit Pistons,1,1,9,5,29,24.1,0.207317073,0.268292683,-8.22,0.49,-7.73,110.7,118.9,-8.2,99,0.295,0.372,0.561,0.52,13.3,24.9,0.227,0.557,11.9,74,0.231,0.777777778
2022-2023,Oklahoma City Thunder,0,1,4,6,14,22.8,0.487804878,0.536585366,1.09,-0.12,0.96,115.2,114.2,1,101.1,0.256,0.369,0.57,0.531,11.2,24.7,0.207,0.547,14.4,72.9,0.222,0.6
2022-2023,Atlanta Hawks,1,1,25,7,18,24.9,0.5,0.512195122,0.29,0.02,0.32,116.6,116.3,0.3,100.7,0.244,0.331,0.579,0.541,11.2,25.1,0.2,0.552,12.4,75.8,0.206,0.375
2022-2023,New Orleans Pelicans,1,1,8,8,10,25.9,0.512195122,0.56097561,1.89,-0.26,1.63,114.4,112.5,1.9,99.1,0.279,0.344,0.582,0.543,12.9,24.7,0.221,0.543,13.4,77.4,0.212,0.8
2022-2023,Chicago Bulls,1,0,-14,9,13,27.5,0.487804878,0.536585366,1.29,0.07,1.37,113.5,112.2,1.3,98.5,0.251,0.333,0.587,0.55,12.2,20.1,0.203,0.544,13.5,77.8,0.197,0.666666667
2022-2023,Dallas Mavericks,0,1,13,-1,19,27.8,0.463414634,0.5,0.07,-0.22,-0.14,116.8,116.7,0.1,96.6,0.298,0.487,0.599,0.565,11.4,18,0.225,0.549,11.9,75.5,0.226,0.4
2022-2023,Sacramento Kings,0,1,18,1,8,25.4,0.585365854,0.573170732,2.65,-0.35,2.3,119.4,116.8,2.6,100.3,0.284,0.423,0.608,0.572,12,22.7,0.225,0.563,12.6,77.2,0.203,0.6
2022-2023,Washington Wizards,0,1,9,2,23,26.2,0.426829268,0.463414634,-1.21,0.15,-1.06,114.4,115.6,-1.2,98.6,0.258,0.365,0.585,0.55,12.7,22.6,0.202,0.54,11,76.1,0.194,0.888888889
2022-2023,Charlotte Hornets,0,1,35,3,27,25.3,0.329268293,0.317073171,-6.24,0.35,-5.89,109.2,115.3,-6.1,100.8,0.261,0.36,0.55,0.516,12.3,23.8,0.195,0.544,12.5,75.5,0.211,0.857142857
2022-2023,Miami Heat,0,1,13,4,21,27.7,0.536585366,0.487804878,-0.32,0.18,-0.13,113,113.3,-0.3,96.3,0.27,0.408,0.574,0.53,12.4,22.8,0.224,0.561,14.5,77.7,0.198,0.444444444
2022-2023,Miami Heat,0,0,-4,5,21,27.7,0.536585366,0.487804878,-0.32,0.18,-0.13,113,113.3,-0.3,96.3,0.27,0.408,0.574,0.53,12.4,22.8,0.224,0.561,14.5,77.7,0.198,0.444444444
2022-2023,Brooklyn Nets,1,1,11,-1,15,28,0.548780488,0.524390244,0.85,0.18,1.03,115,114.1,0.9,98.3,0.26,0.397,0.598,0.562,12.7,19.6,0.208,0.53,12.2,73.7,0.212,0.8
2022-2023,Toronto Raptors,1,1,6,1,12,25.8,0.5,0.548780488,1.48,0.12,1.59,115.5,114,1.5,97.1,0.257,0.351,0.555,0.517,10.3,27.8,0.201,0.565,15.3,76.7,0.223,0.777777778
2022-2023,Phoenix Suns,1,1,27,2,9,28.1,0.548780488,0.56097561,2.07,0.01,2.08,115.1,113,2.1,98.2,0.241,0.362,0.57,0.535,12,26.6,0.191,0.532,12.9,76,0.234,0.6
2022-2023,Golden State Warriors,1,0,-16,3,11,27.3,0.536585366,0.548780488,1.8,-0.15,1.66,116.1,114.4,1.7,101.6,0.224,0.479,0.6,0.571,14.1,24.4,0.178,0.54,12.3,76,0.214,0.6
2022-2023,Los Angeles Clippers,1,0,-20,-1,17,29.7,0.536585366,0.512195122,0.5,-0.19,0.31,115,114.5,0.5,98,0.278,0.387,0.588,0.551,12.8,22.9,0.217,0.543,11.7,76.6,0.195,0.6
2022-2023,Los Angeles Lakers,1,1,4,-2,16,27.9,0.524390244,0.512195122,0.57,-0.15,0.43,114.5,113.9,0.6,101.3,0.299,0.351,0.582,0.542,12.3,22.8,0.232,0.535,10.9,76.3,0.171,0.6
2022-2023,Orlando Magic,0,0,-8,1,24,23.1,0.414634146,0.426829268,-2.56,0.17,-2.39,111.6,114.2,-2.6,99.3,0.29,0.361,0.573,0.532,13.4,23.8,0.227,0.55,13.1,77.7,0.211,0.75
2022-2023,Orlando Magic,0,0,-3,-1,24,23.1,0.414634146,0.426829268,-2.56,0.17,-2.39,111.6,114.2,-2.6,99.3,0.29,0.361,0.573,0.532,13.4,23.8,0.227,0.55,13.1,77.7,0.211,0.75
2022-2023,Indiana Pacers,0,0,-5,-2,25,24.5,0.426829268,0.402439024,-3.18,0.28,-2.91,114.6,117.7,-3.1,101.1,0.265,0.413,0.581,0.545,13,23.4,0.209,0.554,13,72.2,0.229,0.777777778
2022-2023,Minnesota Timberwolves,0,1,12,-3,20,25.8,0.512195122,0.5,-0.04,-0.18,-0.22,113.7,113.8,-0.1,101,0.271,0.381,0.592,0.56,13.6,21.5,0.205,0.54,13.3,74.3,0.225,1
2022-2023,Milwaukee Bucks,0,1,21,1,5,29.8,0.707317073,0.609756098,3.63,-0.02,3.61,115.4,111.9,3.5,100.5,0.248,0.446,0.583,0.555,12.7,25,0.184,0.52,10.4,77.8,0.175,1
2022-2023,Houston Rockets,0,1,24,2,28,22.1,0.268292683,0.280487805,-7.85,0.24,-7.62,111.4,119.3,-7.9,99,0.285,0.359,0.554,0.516,14,30.2,0.215,0.564,11.8,75.8,0.218,0.8
2022-2023,Los Angeles Clippers,0,1,6,3,17,29.7,0.536585366,0.512195122,0.5,-0.19,0.31,115,114.5,0.5,98,0.278,0.387,0.588,0.551,12.8,22.9,0.217,0.543,11.7,76.6,0.195,0.6
2022-2023,Denver Nuggets,1,0,-12,4,6,26.6,0.646341463,0.597560976,3.33,-0.29,3.04,117.6,114.2,3.4,98.1,0.259,0.361,0.601,0.573,13.1,24.8,0.194,0.543,12.2,76.4,0.201,0.6
2022-2023,Oklahoma City Thunder,1,0,-33,-1,14,22.8,0.487804878,0.536585366,1.09,-0.12,0.96,115.2,114.2,1,101.1,0.256,0.369,0.57,0.531,11.2,24.7,0.207,0.547,14.4,72.9,0.222,0.4
2022-2023,Dallas Mavericks,1,1,29,-2,19,27.8,0.463414634,0.5,0.07,-0.22,-0.14,116.8,116.7,0.1,96.6,0.298,0.487,0.599,0.565,11.4,18,0.225,0.549,11.9,75.5,0.226,0.6
2022-2023,San Antonio Spurs,1,1,5,1,30,23.9,0.268292683,0.231707317,-10.04,0.22,-9.82,110.2,120,-9.8,101.6,0.229,0.348,0.554,0.525,13,25.6,0.17,0.576,12,74.9,0.201,0.6
2022-2023,Chicago Bulls,0,1,8,2,13,27.5,0.487804878,0.536585366,1.29,0.07,1.37,113.5,112.2,1.3,98.5,0.251,0.333,0.587,0.55,12.2,20.1,0.203,0.544,13.5,77.8,0.197,0.625
2022-2023,New Orleans Pelicans,0,1,11,3,10,25.9,0.512195122,0.56097561,1.89,-0.26,1.63,114.4,112.5,1.9,99.1,0.279,0.344,0.582,0.543,12.9,24.7,0.221,0.543,13.4,77.4,0.212,0.8
2022-2023,Brooklyn Nets,1,1,11,4,15,28,0.548780488,0.524390244,0.85,0.18,1.03,115,114.1,0.9,98.3,0.26,0.397,0.598,0.562,12.7,19.6,0.208,0.53,12.2,73.7,0.212,0.8
2022-2023,Charlotte Hornets,1,1,16,5,27,25.3,0.329268293,0.317073171,-6.24,0.35,-5.89,109.2,115.3,-6.1,100.8,0.261,0.36,0.55,0.516,12.3,23.8,0.195,0.544,12.5,75.5,0.211,0.777777778
2022-2023,Charlotte Hornets,1,1,12,6,27,25.3,0.329268293,0.317073171,-6.24,0.35,-5.89,109.2,115.3,-6.1,100.8,0.261,0.36,0.55,0.516,12.3,23.8,0.195,0.544,12.5,75.5,0.211,0.777777778
2022-2023,Golden State Warriors,0,1,3,7,11,27.3,0.536585366,0.548780488,1.8,-0.15,1.66,116.1,114.4,1.7,101.6,0.224,0.479,0.6,0.571,14.1,24.4,0.178,0.54,12.3,76,0.214,0.6
2022-2023,Toronto Raptors,1,1,2,8,12,25.8,0.5,0.548780488,1.48,0.12,1.59,115.5,114,1.5,97.1,0.257,0.351,0.555,0.517,10.3,27.8,0.201,0.565,15.3,76.7,0.223,0.777777778
2022-2023,Orlando Magic,1,0,-15,9,24,23.1,0.414634146,0.426829268,-2.56,0.17,-2.39,111.6,114.2,-2.6,99.3,0.29,0.361,0.573,0.532,13.4,23.8,0.227,0.55,13.1,77.7,0.211,0.571428571
2022-2023,Miami Heat,1,0,-3,-1,21,27.7,0.536585366,0.487804878,-0.32,0.18,-0.13,113,113.3,-0.3,96.3,0.27,0.408,0.574,0.53,12.4,22.8,0.224,0.561,14.5,77.7,0.198,0.875
2022-2023,New York Knicks,0,0,-3,-2,7,24.5,0.573170732,0.585365854,2.93,0.06,2.99,117.8,114.8,3,97.1,0.285,0.4,0.577,0.541,11.4,28.3,0.217,0.536,11.4,77.1,0.21,0.636363636
2022-2023,Los Angeles Lakers,0,1,4,-3,16,27.9,0.524390244,0.512195122,0.57,-0.15,0.43,114.5,113.9,0.6,101.3,0.299,0.351,0.582,0.542,12.3,22.8,0.232,0.535,10.9,76.3,0.171,0.6
2022-2023,Brooklyn Nets,0,1,43,1,15,28,0.548780488,0.524390244,0.85,0.18,1.03,115,114.1,0.9,98.3,0.26,0.397,0.598,0.562,12.7,19.6,0.208,0.53,12.2,73.7,0.212,0.666666667
2022-2023,Phoenix Suns,0,0,-12,2,9,28.1,0.548780488,0.56097561,2.07,0.01,2.08,115.1,113,2.1,98.2,0.241,0.362,0.57,0.535,12,26.6,0.191,0.532,12.9,76,0.234,0.8
2022-2023,Detroit Pistons,1,1,12,-1,29,24.1,0.207317073,0.268292683,-8.22,0.49,-7.73,110.7,118.9,-8.2,99,0.295,0.372,0.561,0.52,13.3,24.9,0.227,0.557,11.9,74,0.231,0.777777778
2022-2023,Philadelphia 76ers,0,1,7,1,3,28.2,0.658536585,0.634146341,4.32,0.06,4.37,117.7,113.3,4.4,96.9,0.3,0.389,0.608,0.563,12.6,21.6,0.25,0.541,13,77.2,0.217,0.666666667
2022-2023,Charlotte Hornets,0,1,11,2,27,25.3,0.329268293,0.317073171,-6.24,0.35,-5.89,109.2,115.3,-6.1,100.8,0.261,0.36,0.55,0.516,12.3,23.8,0.195,0.544,12.5,75.5,0.211,0.857142857
2022-2023,Memphis Grizzlies,0,1,10,3,4,24.4,0.62195122,0.62195122,3.94,-0.34,3.6,115.1,111.2,3.9,101.1,0.259,0.372,0.57,0.54,11.7,26.5,0.19,0.526,13.1,75.9,0.206,0.8
2022-2023,Milwaukee Bucks,1,0,-6,4,5,29.8,0.707317073,0.609756098,3.63,-0.02,3.61,115.4,111.9,3.5,100.5,0.248,0.446,0.583,0.555,12.7,25,0.184,0.52,10.4,77.8,0.175,0.333333333
2022-2023,Detroit Pistons,0,1,18,-1,29,24.1,0.207317073,0.268292683,-8.22,0.49,-7.73,110.7,118.9,-8.2,99,0.295,0.372,0.561,0.52,13.3,24.9,0.227,0.557,11.9,74,0.231,0.777777778
2022-2023,Indiana Pacers,1,1,4,1,25,24.5,0.426829268,0.402439024,-3.18,0.28,-2.91,114.6,117.7,-3.1,101.1,0.265,0.413,0.581,0.545,13,23.4,0.209,0.554,13,72.2,0.229,0.444444444
2022-2023,Philadelphia 76ers,1,1,3,2,3,28.2,0.658536585,0.634146341,4.32,0.06,4.37,117.7,113.3,4.4,96.9,0.3,0.389,0.608,0.563,12.6,21.6,0.25,0.541,13,77.2,0.217,0.5
2022-2023,New York Knicks,1,0,-15,3,7,24.5,0.573170732,0.585365854,2.93,0.06,2.99,117.8,114.8,3,97.1,0.285,0.4,0.577,0.541,11.4,28.3,0.217,0.536,11.4,77.1,0.21,0.5
2022-2023,Cleveland Cavaliers,0,1,4,-1,2,25.4,0.62195122,0.670731707,5.38,-0.15,5.23,116.1,110.6,5.5,95.7,0.264,0.371,0.59,0.556,12.3,23.6,0.206,0.535,14.4,76.3,0.21,0.75
2022-2023,Brooklyn Nets,0,0,-10,1,15,28,0.548780488,0.524390244,0.85,0.18,1.03,115,114.1,0.9,98.3,0.26,0.397,0.598,0.562,12.7,19.6,0.208,0.53,12.2,73.7,0.212,0.666666667
2022-2023,New York Knicks,0,0,-2,-1,7,24.5,0.573170732,0.585365854,2.93,0.06,2.99,117.8,114.8,3,97.1,0.285,0.4,0.577,0.541,11.4,28.3,0.217,0.536,11.4,77.1,0.21,0.636363636
2022-2023,Cleveland Cavaliers,1,0,-4,-2,2,25.4,0.62195122,0.670731707,5.38,-0.15,5.23,116.1,110.6,5.5,95.7,0.264,0.371,0.59,0.556,12.3,23.6,0.206,0.535,14.4,76.3,0.21,0.222222222
2022-2023,Portland Trail Blazers,0,1,22,-3,26,25.1,0.402439024,0.37804878,-4.01,0.05,-3.96,114.8,118.8,-4,98.6,0.289,0.413,0.589,0.549,13.1,22.4,0.23,0.563,12.1,74.9,0.217,0.6
2022-2023,Atlanta Hawks,1,1,9,1,18,24.9,0.5,0.512195122,0.29,0.02,0.32,116.6,116.3,0.3,100.7,0.244,0.331,0.579,0.541,11.2,25.1,0.2,0.552,12.4,75.8,0.206,0.375
2022-2023,Houston Rockets,1,0,-2,2,28,22.1,0.268292683,0.280487805,-7.85,0.24,-7.62,111.4,119.3,-7.9,99,0.285,0.359,0.554,0.516,14,30.2,0.215,0.564,11.8,75.8,0.218,0.8
2022-2023,Minnesota Timberwolves,1,1,2,-1,20,25.8,0.512195122,0.5,-0.04,-0.18,-0.22,113.7,113.8,-0.1,101,0.271,0.381,0.592,0.56,13.6,21.5,0.205,0.54,13.3,74.3,0.225,0.6
2022-2023,Portland Trail Blazers,1,1,14,1,26,25.1,0.402439024,0.37804878,-4.01,0.05,-3.96,114.8,118.8,-4,98.6,0.289,0.413,0.589,0.549,13.1,22.4,0.23,0.563,12.1,74.9,0.217,1
2022-2023,Utah Jazz,1,0,-1,2,22,26.5,0.451219512,0.475609756,-0.94,-0.09,-1.03,115.8,116.7,-0.9,100.5,0.265,0.421,0.584,0.547,13.3,26.8,0.209,0.541,10.9,75.2,0.205,0.4
2022-2023,Sacramento Kings,1,1,23,-1,8,25.4,0.585365854,0.573170732,2.65,-0.35,2.3,119.4,116.8,2.6,100.3,0.284,0.423,0.608,0.572,12,22.7,0.225,0.563,12.6,77.2,0.203,0.8
2022-2023,Indiana Pacers,0,1,25,1,25,24.5,0.426829268,0.402439024,-3.18,0.28,-2.91,114.6,117.7,-3.1,101.1,0.265,0.413,0.581,0.545,13,23.4,0.209,0.554,13,72.2,0.229,0.777777778
2022-2023,San Antonio Spurs,0,1,44,2,30,23.9,0.268292683,0.231707317,-10.04,0.22,-9.82,110.2,120,-9.8,101.6,0.229,0.348,0.554,0.525,13,25.6,0.17,0.576,12,74.9,0.201,0.8
2022-2023,Washington Wizards,1,0,-19,3,23,26.2,0.426829268,0.463414634,-1.21,0.15,-1.06,114.4,115.6,-1.2,98.6,0.258,0.365,0.585,0.55,12.7,22.6,0.202,0.54,11,76.1,0.194,0.666666667
2022-2023,Milwaukee Bucks,1,1,41,-1,5,29.8,0.707317073,0.609756098,3.63,-0.02,3.61,115.4,111.9,3.5,100.5,0.248,0.446,0.583,0.555,12.7,25,0.184,0.52,10.4,77.8,0.175,0.333333333
2022-2023,Utah Jazz,0,1,8,1,22,26.5,0.451219512,0.475609756,-0.94,-0.09,-1.03,115.8,116.7,-0.9,100.5,0.265,0.421,0.584,0.547,13.3,26.8,0.209,0.541,10.9,75.2,0.205,0.8
2022-2023,Philadelphia 76ers,1,0,-2,2,3,28.2,0.658536585,0.634146341,4.32,0.06,4.37,117.7,113.3,4.4,96.9,0.3,0.389,0.608,0.563,12.6,21.6,0.25,0.541,13,77.2,0.217,0.5
2022-2023,Toronto Raptors,0,1,4,-1,12,25.8,0.5,0.548780488,1.48,0.12,1.59,115.5,114,1.5,97.1,0.257,0.351,0.555,0.517,10.3,27.8,0.201,0.565,15.3,76.7,0.223,0.9
2022-2023,Toronto Raptors,0,1,19,1,12,25.8,0.5,0.548780488,1.48,0.12,1.59,115.5,114,1.5,97.1,0.257,0.351,0.555,0.517,10.3,27.8,0.201,0.565,15.3,76.7,0.223,0.9
2022-2023,Atlanta Hawks,0,1,6,2,18,24.9,0.5,0.512195122,0.29,0.02,0.32,116.6,116.3,0.3,100.7,0.244,0.331,0.579,0.541,11.2,25.1,0.2,0.552,12.4,75.8,0.206,0.666666667
2021-2022,New York Knicks,1,0,-4,0,19,26,0.451219512,0.5,-0.12,0.11,-0.01,110.4,110.5,-0.1,95.9,0.28,0.428,0.55,0.513,12,25.1,0.208,0.521,11.7,78.8,0.198,0.5
2021-2022,Toronto Raptors,0,0,-32,-1,12,24.8,0.585365854,0.573170732,2.29,0.08,2.38,112.9,110.5,2.4,96,0.234,0.375,0.543,0.51,11,28.4,0.177,0.535,14.4,75.6,0.199,0.9
2021-2022,Houston Rockets,1,1,10,-2,29,24.1,0.243902439,0.256097561,-8.48,0.22,-8.26,108.4,116.7,-8.3,100.9,0.284,0.448,0.565,0.534,14.5,21.7,0.202,0.554,12.3,74.4,0.206,0.8
2021-2022,Charlotte Hornets,1,1,11,1,16,25.5,0.524390244,0.512195122,0.44,0.09,0.53,114.1,113.7,0.4,100,0.234,0.418,0.572,0.544,11.6,23.3,0.173,0.544,13.1,74.8,0.187,0.777777778
2021-2022,Washington Wizards,0,0,-9,2,23,25.9,0.426829268,0.390243902,-3.38,0.15,-3.23,111.1,114.5,-3.4,97,0.252,0.356,0.568,0.532,12.1,20.9,0.197,0.529,10.7,76.9,0.202,0.888888889
2021-2022,Washington Wizards,1,0,-3,-1,23,25.9,0.426829268,0.390243902,-3.38,0.15,-3.23,111.1,114.5,-3.4,97,0.252,0.356,0.568,0.532,12.1,20.9,0.197,0.529,10.7,76.9,0.202,0.666666667
2021-2022,Chicago Bulls,0,0,-14,-2,20,26.3,0.56097561,0.487804878,-0.39,0.02,-0.38,113.2,113.6,-0.4,98.3,0.248,0.332,0.579,0.541,11.8,20.4,0.201,0.541,11.9,78.3,0.199,0.625
2021-2022,Orlando Magic,1,1,13,-3,27,23.3,0.268292683,0.256097561,-8,0.33,-7.67,104.5,112.5,-8,99.2,0.223,0.417,0.538,0.503,13,19.8,0.175,0.532,11.7,77.2,0.196,0.571428571
2021-2022,Miami Heat,1,1,17,1,6,28.2,0.646341463,0.646341463,4.45,-0.22,4.23,113.7,109.1,4.6,95.9,0.252,0.422,0.584,0.547,13.4,23.5,0.204,0.524,13.8,78,0.209,0.875
2021-2022,Dallas Mavericks,1,0,-3,2,7,26.7,0.634146341,0.609756098,3.3,-0.18,3.12,112.8,109.4,3.4,95.4,0.249,0.439,0.572,0.538,11.7,21.3,0.192,0.521,12.2,78,0.185,0.6
2021-2022,Toronto Raptors,0,1,16,-1,12,24.8,0.585365854,0.573170732,2.29,0.08,2.38,112.9,110.5,2.4,96,0.234,0.375,0.543,0.51,11,28.4,0.177,0.535,14.4,75.6,0.199,0.9
2021-2022,Milwaukee Bucks,0,1,9,1,8,28.5,0.62195122,0.597560976,3.35,-0.14,3.22,115.1,111.8,3.3,99.9,0.257,0.43,0.58,0.546,11.9,23,0.199,0.536,11.6,78.6,0.165,1
2021-2022,Cleveland Cavaliers,1,0,-2,2,13,24.7,0.536585366,0.573170732,2.12,-0.08,2.04,111.9,109.7,2.2,96.1,0.261,0.387,0.571,0.538,13.2,24,0.198,0.52,12.3,76.5,0.172,0.222222222
2021-2022,Cleveland Cavaliers,1,1,6,-1,13,24.7,0.536585366,0.573170732,2.12,-0.08,2.04,111.9,109.7,2.2,96.1,0.261,0.387,0.571,0.538,13.2,24,0.198,0.52,12.3,76.5,0.172,0.222222222
2021-2022,Atlanta Hawks,1,0,-11,1,14,26.1,0.524390244,0.548780488,1.56,-0.01,1.55,116.5,114.9,1.6,97.7,0.253,0.39,0.581,0.543,10.8,23,0.205,0.543,11.5,76.9,0.177,0.375
2021-2022,Los Angeles Lakers,0,1,22,-1,22,30.2,0.402439024,0.402439024,-3.05,-0.03,-3.08,110.3,113.3,-3,100.1,0.259,0.388,0.567,0.537,12.8,21.1,0.19,0.54,12.2,75.8,0.192,0.6
2021-2022,Oklahoma City Thunder,0,1,6,1,28,22.4,0.292682927,0.256097561,-8.1,0.2,-7.9,104.6,112.8,-8.2,98.6,0.223,0.419,0.53,0.497,12.5,21.8,0.169,0.533,11.8,76.1,0.169,0.6
2021-2022,Houston Rockets,0,1,18,2,29,24.1,0.243902439,0.256097561,-8.48,0.22,-8.26,108.4,116.7,-8.3,100.9,0.284,0.448,0.565,0.534,14.5,21.7,0.202,0.554,12.3,74.4,0.206,0.8
2021-2022,Brooklyn Nets,0,0,-19,3,15,29.1,0.536585366,0.524390244,0.78,0.04,0.82,113.6,112.8,0.8,99,0.246,0.359,0.576,0.54,12.5,23.9,0.198,0.521,11.7,75.1,0.201,0.666666667
2021-2022,San Antonio Spurs,1,0,-8,-1,17,24.5,0.414634146,0.5,0.12,-0.1,0.02,112.4,112.3,0.1,100,0.22,0.345,0.556,0.527,11.1,23.7,0.166,0.532,12.1,75.1,0.176,0.6
2021-2022,Toronto Raptors,1,1,12,-2,12,24.8,0.585365854,0.573170732,2.29,0.08,2.38,112.9,110.5,2.4,96,0.234,0.375,0.543,0.51,11,28.4,0.177,0.535,14.4,75.6,0.199,0.777777778
2021-2022,Philadelphia 76ers,0,1,1,1,9,26.8,0.62195122,0.585365854,2.61,-0.04,2.57,113.5,110.8,2.7,96.2,0.282,0.376,0.578,0.534,11.6,20.1,0.232,0.524,12.1,76.8,0.192,0.666666667
2021-2022,Utah Jazz,1,0,-7,2,3,29.3,0.597560976,0.682926829,6.04,-0.37,5.67,116.7,110.5,6.2,97.1,0.271,0.468,0.589,0.555,12.7,25.4,0.208,0.521,10.9,78.3,0.164,0.4
2021-2022,Portland Trail Blazers,1,1,28,-1,30,25.6,0.329268293,0.243902439,-8.88,0.33,-8.55,107.8,116.9,-9.1,98.3,0.248,0.422,0.55,0.515,13,22.9,0.188,0.559,12.7,76.9,0.222,1
2021-2022,Los Angeles Lakers,1,0,-15,1,22,30.2,0.402439024,0.402439024,-3.05,-0.03,-3.08,110.3,113.3,-3,100.1,0.259,0.388,0.567,0.537,12.8,21.1,0.19,0.54,12.2,75.8,0.192,0.6
2021-2022,Los Angeles Clippers,1,0,-3,-1,18,27.5,0.512195122,0.5,0.02,0.06,0.09,110.1,110.1,0,98,0.224,0.391,0.564,0.531,12.5,20.6,0.178,0.514,12,74.4,0.167,0.6
2021-2022,Phoenix Suns,1,0,-21,-2,2,27.5,0.780487805,0.719512195,7.5,-0.56,6.94,114.8,107.3,7.5,99.8,0.221,0.354,0.581,0.549,11.6,22.3,0.176,0.51,13,77.1,0.195,0.6
2021-2022,Milwaukee Bucks,0,1,14,-3,8,28.5,0.62195122,0.597560976,3.35,-0.14,3.22,115.1,111.8,3.3,99.9,0.257,0.43,0.58,0.546,11.9,23,0.199,0.536,11.6,78.6,0.165,1
2021-2022,Golden State Warriors,0,0,-4,1,5,27.6,0.646341463,0.670731707,5.54,-0.02,5.52,112.5,106.9,5.6,98.4,0.235,0.456,0.582,0.552,13.5,22.8,0.181,0.509,13,78.7,0.201,0.6
2021-2022,New York Knicks,0,1,7,-1,19,26,0.451219512,0.5,-0.12,0.11,-0.01,110.4,110.5,-0.1,95.9,0.28,0.428,0.55,0.513,12,25.1,0.208,0.521,11.7,78.8,0.198,0.636363636
2021-2022,Philadelphia 76ers,0,0,-5,1,9,26.8,0.62195122,0.585365854,2.61,-0.04,2.57,113.5,110.8,2.7,96.2,0.282,0.376,0.578,0.534,11.6,20.1,0.232,0.524,12.1,76.8,0.192,0.666666667
2021-2022,Cleveland Cavaliers,0,1,10,-1,13,24.7,0.536585366,0.573170732,2.12,-0.08,2.04,111.9,109.7,2.2,96.1,0.261,0.387,0.571,0.538,13.2,24,0.198,0.52,12.3,76.5,0.172,0.75
2021-2022,Milwaukee Bucks,1,0,-4,1,8,28.5,0.62195122,0.597560976,3.35,-0.14,3.22,115.1,111.8,3.3,99.9,0.257,0.43,0.58,0.546,11.9,23,0.199,0.536,11.6,78.6,0.165,0.333333333
2021-2022,Minnesota Timberwolves,1,0,-5,-1,10,24.2,0.56097561,0.585365854,2.63,-0.1,2.53,114.3,111.7,2.6,100.9,0.254,0.454,0.573,0.539,12.4,24.4,0.198,0.535,14.2,74.9,0.227,0.6
2021-2022,Los Angeles Clippers,0,0,-9,-2,18,27.5,0.512195122,0.5,0.02,0.06,0.09,110.1,110.1,0,98,0.224,0.391,0.564,0.531,12.5,20.6,0.178,0.514,12,74.4,0.167,0.6
2021-2022,Phoenix Suns,0,1,15,-3,2,27.5,0.780487805,0.719512195,7.5,-0.56,6.94,114.8,107.3,7.5,99.8,0.221,0.354,0.581,0.549,11.6,22.3,0.176,0.51,13,77.1,0.195,0.8
2021-2022,Orlando Magic,0,1,5,1,27,23.3,0.268292683,0.256097561,-8,0.33,-7.67,104.5,112.5,-8,99.2,0.223,0.417,0.538,0.503,13,19.8,0.175,0.532,11.7,77.2,0.196,0.75
2021-2022,San Antonio Spurs,0,0,-2,2,17,24.5,0.414634146,0.5,0.12,-0.1,0.02,112.4,112.3,0.1,100,0.22,0.345,0.556,0.527,11.1,23.7,0.166,0.532,12.1,75.1,0.176,0.8
2021-2022,New York Knicks,1,0,-3,-1,19,26,0.451219512,0.5,-0.12,0.11,-0.01,110.4,110.5,-0.1,95.9,0.28,0.428,0.55,0.513,12,25.1,0.208,0.521,11.7,78.8,0.198,0.5
2021-2022,New York Knicks,0,1,24,-2,19,26,0.451219512,0.5,-0.12,0.11,-0.01,110.4,110.5,-0.1,95.9,0.28,0.428,0.55,0.513,12,25.1,0.208,0.521,11.7,78.8,0.198,0.636363636
2021-2022,Indiana Pacers,0,1,3,1,24,26,0.304878049,0.390243902,-3.48,0.22,-3.26,112.6,116.1,-3.5,98,0.239,0.395,0.564,0.531,12.7,25.5,0.184,0.552,11.9,76.2,0.204,0.777777778
2021-2022,Indiana Pacers,1,1,19,2,24,26,0.304878049,0.390243902,-3.48,0.22,-3.26,112.6,116.1,-3.5,98,0.239,0.395,0.564,0.531,12.7,25.5,0.184,0.552,11.9,76.2,0.204,0.444444444
2021-2022,Philadelphia 76ers,1,0,-12,3,9,26.8,0.62195122,0.585365854,2.61,-0.04,2.57,113.5,110.8,2.7,96.2,0.282,0.376,0.578,0.534,11.6,20.1,0.232,0.524,12.1,76.8,0.192,0.5
2021-2022,Chicago Bulls,0,1,2,-1,20,26.3,0.56097561,0.487804878,-0.39,0.02,-0.38,113.2,113.6,-0.4,98.3,0.248,0.332,0.579,0.541,11.8,20.4,0.201,0.541,11.9,78.3,0.199,0.625
2021-2022,New Orleans Pelicans,0,1,12,1,21,25.6,0.43902439,0.463414634,-0.99,0.15,-0.84,112,113,-1,97.2,0.264,0.365,0.557,0.517,12.5,26.9,0.208,0.547,13,78.2,0.196,0.8
2021-2022,Charlotte Hornets,0,0,-9,2,16,25.5,0.524390244,0.512195122,0.44,0.09,0.53,114.1,113.7,0.4,100,0.234,0.418,0.572,0.544,11.6,23.3,0.173,0.544,13.1,74.8,0.187,0.857142857
2021-2022,Portland Trail Blazers,0,0,-4,-1,30,25.6,0.329268293,0.243902439,-8.88,0.33,-8.55,107.8,116.9,-9.1,98.3,0.248,0.422,0.55,0.515,13,22.9,0.188,0.559,12.7,76.9,0.222,0.6
2021-2022,Washington Wizards,1,1,29,-2,23,25.9,0.426829268,0.390243902,-3.38,0.15,-3.23,111.1,114.5,-3.4,97,0.252,0.356,0.568,0.532,12.1,20.9,0.197,0.529,10.7,76.9,0.202,0.666666667
2021-2022,Sacramento Kings,0,1,53,1,25,25.8,0.365853659,0.341463415,-5.46,0.2,-5.26,109.9,115.3,-5.4,99.8,0.264,0.377,0.561,0.525,12.5,21.3,0.203,0.551,11.9,76,0.176,0.6
2021-2022,Atlanta Hawks,1,0,-16,2,14,26.1,0.524390244,0.548780488,1.56,-0.01,1.55,116.5,114.9,1.6,97.7,0.253,0.39,0.581,0.543,10.8,23,0.205,0.543,11.5,76.9,0.177,0.375
2021-2022,New Orleans Pelicans,1,1,10,-1,21,25.6,0.43902439,0.463414634,-0.99,0.15,-0.84,112,113,-1,97.2,0.264,0.365,0.557,0.517,12.5,26.9,0.208,0.547,13,78.2,0.196,0.8
2021-2022,Miami Heat,0,1,30,1,6,28.2,0.646341463,0.646341463,4.45,-0.22,4.23,113.7,109.1,4.6,95.9,0.252,0.422,0.584,0.547,13.4,23.5,0.204,0.524,13.8,78,0.209,0.444444444
2021-2022,Charlotte Hornets,0,1,6,2,16,25.5,0.524390244,0.512195122,0.44,0.09,0.53,114.1,113.7,0.4,100,0.234,0.418,0.572,0.544,11.6,23.3,0.173,0.544,13.1,74.8,0.187,0.857142857
2021-2022,Detroit Pistons,1,1,9,3,26,23.6,0.280487805,0.268292683,-7.72,0.37,-7.36,106,113.8,-7.8,98.4,0.249,0.391,0.533,0.494,12.6,23.4,0.194,0.541,13.1,75.6,0.226,0.777777778
2021-2022,Orlando Magic,1,1,33,4,27,23.3,0.268292683,0.256097561,-8,0.33,-7.67,104.5,112.5,-8,99.2,0.223,0.417,0.538,0.503,13,19.8,0.175,0.532,11.7,77.2,0.196,0.571428571
2021-2022,Brooklyn Nets,1,1,35,5,15,29.1,0.536585366,0.524390244,0.78,0.04,0.82,113.6,112.8,0.8,99,0.246,0.359,0.576,0.54,12.5,23.9,0.198,0.521,11.7,75.1,0.201,0.8
2021-2022,Denver Nuggets,0,1,6,6,11,27.7,0.585365854,0.573170732,2.3,-0.15,2.16,114.5,112.1,2.4,97.8,0.244,0.416,0.59,0.556,13.2,21.9,0.194,0.537,11.7,78.3,0.188,0.8
2021-2022,Atlanta Hawks,0,1,10,7,14,26.1,0.524390244,0.548780488,1.56,-0.01,1.55,116.5,114.9,1.6,97.7,0.253,0.39,0.581,0.543,10.8,23,0.205,0.543,11.5,76.9,0.177,0.666666667
2021-2022,Philadelphia 76ers,1,1,48,8,9,26.8,0.62195122,0.585365854,2.61,-0.04,2.57,113.5,110.8,2.7,96.2,0.282,0.376,0.578,0.534,11.6,20.1,0.232,0.524,12.1,76.8,0.192,0.5
2021-2022,Detroit Pistons,0,0,-1,9,26,23.6,0.280487805,0.268292683,-7.72,0.37,-7.36,106,113.8,-7.8,98.4,0.249,0.391,0.533,0.494,12.6,23.4,0.194,0.541,13.1,75.6,0.226,0.777777778
2021-2022,Brooklyn Nets,1,1,23,-1,15,29.1,0.536585366,0.524390244,0.78,0.04,0.82,113.6,112.8,0.8,99,0.246,0.359,0.576,0.54,12.5,23.9,0.198,0.521,11.7,75.1,0.201,0.8
2021-2022,Detroit Pistons,1,1,9,1,26,23.6,0.280487805,0.268292683,-7.72,0.37,-7.36,106,113.8,-7.8,98.4,0.249,0.391,0.533,0.494,12.6,23.4,0.194,0.541,13.1,75.6,0.226,0.777777778
2021-2022,Indiana Pacers,1,0,-21,2,24,26,0.304878049,0.390243902,-3.48,0.22,-3.26,112.6,116.1,-3.5,98,0.239,0.395,0.564,0.531,12.7,25.5,0.184,0.552,11.9,76.2,0.204,0.444444444
2021-2022,Atlanta Hawks,0,1,9,-1,14,26.1,0.524390244,0.548780488,1.56,-0.01,1.55,116.5,114.9,1.6,97.7,0.253,0.39,0.581,0.543,10.8,23,0.205,0.543,11.5,76.9,0.177,0.666666667
2021-2022,Memphis Grizzlies,0,1,13,1,4,24,0.682926829,0.670731707,5.68,-0.32,5.37,114.6,109,5.6,100.3,0.245,0.346,0.553,0.522,11.2,30,0.18,0.523,13.3,77.8,0.195,0.8
2021-2022,Brooklyn Nets,0,1,6,2,15,29.1,0.536585366,0.524390244,0.78,0.04,0.82,113.6,112.8,0.8,99,0.246,0.359,0.576,0.54,12.5,23.9,0.198,0.521,11.7,75.1,0.201,0.666666667
2021-2022,Charlotte Hornets,1,1,14,3,16,25.5,0.524390244,0.512195122,0.44,0.09,0.53,114.1,113.7,0.4,100,0.234,0.418,0.572,0.544,11.6,23.3,0.173,0.544,13.1,74.8,0.187,0.777777778
2021-2022,Detroit Pistons,0,1,11,4,26,23.6,0.280487805,0.268292683,-7.72,0.37,-7.36,106,113.8,-7.8,98.4,0.249,0.391,0.533,0.494,12.6,23.4,0.194,0.541,13.1,75.6,0.226,0.777777778
2021-2022,Dallas Mavericks,0,0,-3,5,7,26.7,0.634146341,0.609756098,3.3,-0.18,3.12,112.8,109.4,3.4,95.4,0.249,0.439,0.572,0.538,11.7,21.3,0.192,0.521,12.2,78,0.185,0.4
2021-2022,Golden State Warriors,1,1,22,-1,5,27.6,0.646341463,0.670731707,5.54,-0.02,5.52,112.5,106.9,5.6,98.4,0.235,0.456,0.582,0.552,13.5,22.8,0.181,0.509,13,78.7,0.201,0.6
2021-2022,Sacramento Kings,1,1,29,1,25,25.8,0.365853659,0.341463415,-5.46,0.2,-5.26,109.9,115.3,-5.4,99.8,0.264,0.377,0.561,0.525,12.5,21.3,0.203,0.551,11.9,76,0.176,0.8
2021-2022,Denver Nuggets,1,1,20,2,11,27.7,0.585365854,0.573170732,2.3,-0.15,2.16,114.5,112.1,2.4,97.8,0.244,0.416,0.59,0.556,13.2,21.9,0.194,0.537,11.7,78.3,0.188,0.6
2021-2022,Oklahoma City Thunder,1,1,9,3,28,22.4,0.292682927,0.256097561,-8.1,0.2,-7.9,104.6,112.8,-8.2,98.6,0.223,0.419,0.53,0.497,12.5,21.8,0.169,0.533,11.8,76.1,0.169,0.4
2021-2022,Utah Jazz,0,1,28,4,3,29.3,0.597560976,0.682926829,6.04,-0.37,5.67,116.7,110.5,6.2,97.1,0.271,0.468,0.589,0.555,12.7,25.4,0.208,0.521,10.9,78.3,0.164,0.8
2021-2022,Minnesota Timberwolves,0,1,22,5,10,24.2,0.56097561,0.585365854,2.63,-0.1,2.53,114.3,111.7,2.6,100.9,0.254,0.454,0.573,0.539,12.4,24.4,0.198,0.535,14.2,74.9,0.227,1
2021-2022,Toronto Raptors,1,0,-3,6,12,24.8,0.585365854,0.573170732,2.29,0.08,2.38,112.9,110.5,2.4,96,0.234,0.375,0.543,0.51,11,28.4,0.177,0.535,14.4,75.6,0.199,0.777777778
2021-2022,Miami Heat,0,0,-8,-1,6,28.2,0.646341463,0.646341463,4.45,-0.22,4.23,113.7,109.1,4.6,95.9,0.252,0.422,0.584,0.547,13.4,23.5,0.204,0.524,13.8,78,0.209,0.444444444
2021-2022,Indiana Pacers,0,1,5,-2,24,26,0.304878049,0.390243902,-3.48,0.22,-3.26,112.6,116.1,-3.5,98,0.239,0.395,0.564,0.531,12.7,25.5,0.184,0.552,11.9,76.2,0.204,0.777777778
2021-2022,Washington Wizards,0,1,42,1,23,25.9,0.426829268,0.390243902,-3.38,0.15,-3.23,111.1,114.5,-3.4,97,0.252,0.356,0.568,0.532,12.1,20.9,0.197,0.529,10.7,76.9,0.202,0.888888889
2021-2022,Chicago Bulls,1,1,23,2,20,26.3,0.56097561,0.487804878,-0.39,0.02,-0.38,113.2,113.6,-0.4,98.3,0.248,0.332,0.579,0.541,11.8,20.4,0.201,0.541,11.9,78.3,0.199,0.666666667
2021-2022,Milwaukee Bucks,1,0,-6,3,8,28.5,0.62195122,0.597560976,3.35,-0.14,3.22,115.1,111.8,3.3,99.9,0.257,0.43,0.58,0.546,11.9,23,0.199,0.536,11.6,78.6,0.165,0.333333333
2021-2022,Memphis Grizzlies,1,1,29,-1,4,24,0.682926829,0.670731707,5.68,-0.32,5.37,114.6,109,5.6,100.3,0.245,0.346,0.553,0.522,11.2,30,0.18,0.523,13.3,77.8,0.195,0.8
2020-2021,Milwaukee Bucks,0,1,1,0,4,28.1,0.638888889,0.666666667,5.89,-0.32,5.57,117.2,111.4,5.8,102.2,0.233,0.404,0.593,0.566,12,23.3,0.177,0.536,11.5,79.7,0.157,1
2020-2021,Brooklyn Nets,0,0,-28,1,7,28.2,0.666666667,0.638888889,4.5,-0.27,4.24,118.3,113.8,4.5,99.5,0.258,0.413,0.61,0.575,12.2,21.4,0.208,0.531,11.1,77.3,0.187,0.666666667
2020-2021,Indiana Pacers,1,0,-1,-1,17,26.5,0.472222222,0.5,-0.04,-0.08,-0.13,112.4,112.4,0,101.6,0.227,0.372,0.575,0.542,11.9,20.2,0.18,0.531,12.7,74.9,0.201,0.444444444
2020-2021,Indiana Pacers,1,1,5,-2,17,26.5,0.472222222,0.5,-0.04,-0.08,-0.13,112.4,112.4,0,101.6,0.227,0.372,0.575,0.542,11.9,20.2,0.18,0.531,12.7,74.9,0.201,0.444444444
2020-2021,Memphis Grizzlies,0,1,19,1,15,24.2,0.527777778,0.527777778,1.03,0.04,1.07,112,111,1,100.4,0.232,0.342,0.56,0.528,11.6,24.2,0.179,0.535,13.1,78.3,0.196,0.8
2020-2021,Detroit Pistons,1,0,-3,2,25,24.5,0.277777778,0.361111111,-4.47,0.09,-4.38,108,112.5,-4.5,97.9,0.273,0.385,0.556,0.519,13.5,21.9,0.207,0.541,12.6,76.9,0.195,0.777777778
2020-2021,Detroit Pistons,1,1,2,-1,25,24.5,0.277777778,0.361111111,-4.47,0.09,-4.38,108,112.5,-4.5,97.9,0.273,0.385,0.556,0.519,13.5,21.9,0.207,0.541,12.6,76.9,0.195,0.777777778
2020-2021,Toronto Raptors,1,1,12,1,19,26.6,0.375,0.486111111,-0.47,-0.07,-0.54,112,112.5,-0.5,99.2,0.241,0.444,0.567,0.529,11.9,20.8,0.196,0.543,14.4,76.3,0.234,0.777777778
2020-2021,Miami Heat,1,1,2,2,16,27.4,0.555555556,0.5,0.03,-0.09,-0.06,111.2,111.2,0,96.6,0.252,0.432,0.581,0.546,13.1,19.4,0.199,0.542,13.8,77.9,0.183,0.875
2020-2021,Washington Wizards,0,1,9,3,22,26.6,0.472222222,0.444444444,-1.83,-0.01,-1.85,111.2,113,-1.8,104.1,0.288,0.319,0.569,0.531,12.3,21.3,0.221,0.539,12.5,77.6,0.217,0.888888889
2020-2021,Orlando Magic,0,1,27,4,29,25.6,0.291666667,0.236111111,-9.31,0.29,-9.02,105.1,114.5,-9.4,98.7,0.24,0.356,0.527,0.49,11.5,21.6,0.186,0.547,11.5,78.2,0.169,0.75
2020-2021,New York Knicks,0,0,-30,5,10,25.6,0.569444444,0.569444444,2.31,-0.18,2.13,110.6,108.2,2.4,95.9,0.242,0.347,0.559,0.524,11.9,21.9,0.19,0.509,11.7,78.6,0.196,0.636363636
2020-2021,Philadelphia 76ers,1,0,-8,-1,5,27.1,0.680555556,0.666666667,5.58,-0.31,5.28,113.2,107.6,5.6,99.5,0.293,0.347,0.579,0.541,12.8,23.2,0.225,0.521,13.8,78.2,0.2,0.5
2020-2021,Philadelphia 76ers,1,0,-12,-2,5,27.1,0.680555556,0.666666667,5.58,-0.31,5.28,113.2,107.6,5.6,99.5,0.293,0.347,0.579,0.541,12.8,23.2,0.225,0.521,13.8,78.2,0.2,0.5
2020-2021,Cleveland Cavaliers,0,1,38,-3,28,24,0.305555556,0.25,-8.44,0.25,-8.19,105.8,114.4,-8.6,97.3,0.261,0.347,0.543,0.508,13.9,23.6,0.194,0.556,13,76.6,0.183,0.75
2020-2021,Chicago Bulls,1,1,16,1,20,25.6,0.430555556,0.472222222,-0.89,-0.05,-0.94,111.1,112,-0.9,99,0.197,0.383,0.575,0.547,13.6,22.3,0.156,0.538,11.6,80.3,0.196,0.666666667
2020-2021,San Antonio Spurs,1,0,-4,2,21,26.2,0.458333333,0.444444444,-1.74,0.15,-1.58,111,112.8,-1.8,98.9,0.243,0.314,0.554,0.517,10.2,20,0.192,0.541,11.8,77.3,0.174,0.6
2020-2021,Los Angeles Lakers,0,0,-1,-1,8,28.2,0.583333333,0.583333333,2.79,-0.03,2.77,109.9,107.1,2.8,98.7,0.271,0.363,0.569,0.536,13.6,22.5,0.2,0.526,13.7,79.7,0.184,0.6
2020-2021,Golden State Warriors,1,1,4,-2,14,26.7,0.541666667,0.527777778,1.06,0.04,1.1,111.1,110.1,1,102.2,0.239,0.439,0.583,0.551,13.3,17.9,0.188,0.522,13.1,76.6,0.223,0.6
2020-2021,Sacramento Kings,1,0,-5,1,24,25.6,0.430555556,0.388888889,-3.68,0.23,-3.45,113.6,117.2,-3.6,100,0.248,0.376,0.578,0.549,12,21.3,0.185,0.557,12.1,75,0.199,0.8
2020-2021,Los Angeles Clippers,1,1,4,-1,2,28.8,0.652777778,0.680555556,6.18,-0.16,6.02,117.6,111.2,6.4,96.9,0.222,0.4,0.599,0.564,12.2,22.7,0.186,0.531,11.9,79.1,0.186,0.6
2020-2021,Phoenix Suns,1,0,-9,1,3,26.6,0.708333333,0.680555556,5.82,-0.15,5.67,117.2,111.3,5.9,97.2,0.212,0.392,0.597,0.564,11.5,20.8,0.177,0.534,12.4,78.5,0.194,0.6
2020-2021,Utah Jazz,1,0,-14,-1,1,28.5,0.722222222,0.763888889,9.25,-0.29,8.97,117.6,108.3,9.3,98.5,0.244,0.488,0.597,0.563,12.7,24.5,0.195,0.507,10.3,79.3,0.159,0.4
2020-2021,Toronto Raptors,0,1,14,-2,19,26.6,0.375,0.486111111,-0.47,-0.07,-0.54,112,112.5,-0.5,99.2,0.241,0.444,0.567,0.529,11.9,20.8,0.196,0.543,14.4,76.3,0.234,0.9
2020-2021,Detroit Pistons,0,0,-6,1,25,24.5,0.277777778,0.361111111,-4.47,0.09,-4.38,108,112.5,-4.5,97.9,0.273,0.385,0.556,0.519,13.5,21.9,0.207,0.541,12.6,76.9,0.195,0.777777778
2020-2021,Washington Wizards,1,0,-13,-1,22,26.6,0.472222222,0.444444444,-1.83,-0.01,-1.85,111.2,113,-1.8,104.1,0.288,0.319,0.569,0.531,12.3,21.3,0.221,0.539,12.5,77.6,0.217,0.666666667
2020-2021,Denver Nuggets,0,1,13,-2,6,26.1,0.652777778,0.652777778,4.93,-0.11,4.82,117.1,112.1,5,97.1,0.219,0.383,0.588,0.557,12.1,24.7,0.176,0.545,12.9,78.9,0.2,0.8
2020-2021,Atlanta Hawks,0,0,-8,1,11,25.4,0.569444444,0.569444444,2.32,-0.18,2.14,115.7,113.3,2.4,97.6,0.278,0.382,0.581,0.539,11.9,24.4,0.226,0.53,11.1,77.8,0.19,0.666666667
2020-2021,Atlanta Hawks,0,1,12,-1,11,25.4,0.569444444,0.569444444,2.32,-0.18,2.14,115.7,113.3,2.4,97.6,0.278,0.382,0.581,0.539,11.9,24.4,0.226,0.53,11.1,77.8,0.19,0.666666667
2020-2021,New Orleans Pelicans,1,0,-5,1,18,24.8,0.430555556,0.486111111,-0.29,0.1,-0.2,113.5,113.8,-0.3,100.1,0.293,0.342,0.57,0.537,12.7,26.3,0.214,0.55,11.9,80,0.186,0.8
2020-2021,Dallas Mavericks,1,0,-3,-1,9,26.3,0.583333333,0.569444444,2.26,-0.01,2.26,115.4,113,2.4,97.3,0.242,0.436,0.582,0.55,11.1,21.1,0.189,0.534,11.5,77.8,0.197,0.6
2020-2021,Atlanta Hawks,1,0,-15,-2,11,25.4,0.569444444,0.569444444,2.32,-0.18,2.14,115.7,113.3,2.4,97.6,0.278,0.382,0.581,0.539,11.9,24.4,0.226,0.53,11.1,77.8,0.19,0.375
2020-2021,Indiana Pacers,0,1,6,-3,17,26.5,0.472222222,0.5,-0.04,-0.08,-0.13,112.4,112.4,0,101.6,0.227,0.372,0.575,0.542,11.9,20.2,0.18,0.531,12.7,74.9,0.201,0.777777778
2020-2021,Washington Wizards,0,1,1,1,22,26.6,0.472222222,0.444444444,-1.83,-0.01,-1.85,111.2,113,-1.8,104.1,0.288,0.319,0.569,0.531,12.3,21.3,0.221,0.539,12.5,77.6,0.217,0.888888889
2020-2021,Los Angeles Clippers,0,1,5,2,2,28.8,0.652777778,0.680555556,6.18,-0.16,6.02,117.6,111.2,6.4,96.9,0.222,0.4,0.599,0.564,12.2,22.7,0.186,0.531,11.9,79.1,0.186,0.6
2020-2021,Toronto Raptors,0,1,7,3,19,26.6,0.375,0.486111111,-0.47,-0.07,-0.54,112,112.5,-0.5,99.2,0.241,0.444,0.567,0.529,11.9,20.8,0.196,0.543,14.4,76.3,0.234,0.9
2020-2021,Brooklyn Nets,1,0,-12,4,7,28.2,0.666666667,0.638888889,4.5,-0.27,4.24,118.3,113.8,4.5,99.5,0.258,0.413,0.61,0.575,12.2,21.4,0.208,0.531,11.1,77.3,0.187,0.8
2020-2021,Houston Rockets,1,1,27,-1,27,26.5,0.236111111,0.277777778,-7.9,0.4,-7.5,107.1,114.9,-7.8,101.4,0.252,0.459,0.553,0.521,13,19.8,0.187,0.555,12.9,77.1,0.201,0.8
2020-2021,Utah Jazz,0,0,-8,1,1,28.5,0.722222222,0.763888889,9.25,-0.29,8.97,117.6,108.3,9.3,98.5,0.244,0.488,0.597,0.563,12.7,24.5,0.195,0.507,10.3,79.3,0.159,0.8
2020-2021,Cleveland Cavaliers,1,0,-7,-1,28,24,0.305555556,0.25,-8.44,0.25,-8.19,105.8,114.4,-8.6,97.3,0.261,0.347,0.543,0.508,13.9,23.6,0.194,0.556,13,76.6,0.183,0.222222222
2020-2021,Sacramento Kings,0,0,-11,-2,24,25.6,0.430555556,0.388888889,-3.68,0.23,-3.45,113.6,117.2,-3.6,100,0.248,0.376,0.578,0.549,12,21.3,0.185,0.557,12.1,75,0.199,0.6
2020-2021,Orlando Magic,0,1,16,-3,29,25.6,0.291666667,0.236111111,-9.31,0.29,-9.02,105.1,114.5,-9.4,98.7,0.24,0.356,0.527,0.49,11.5,21.6,0.186,0.547,11.5,78.2,0.169,0.75
2020-2021,Memphis Grizzlies,1,0,-6,1,15,24.2,0.527777778,0.527777778,1.03,0.04,1.07,112,111,1,100.4,0.232,0.342,0.56,0.528,11.6,24.2,0.179,0.535,13.1,78.3,0.196,0.8
2020-2021,Milwaukee Bucks,1,0,-2,-1,4,28.1,0.638888889,0.666666667,5.89,-0.32,5.57,117.2,111.4,5.8,102.2,0.233,0.404,0.593,0.566,12,23.3,0.177,0.536,11.5,79.7,0.157,0.333333333
2020-2021,Milwaukee Bucks,1,1,8,-2,4,28.1,0.638888889,0.666666667,5.89,-0.32,5.57,117.2,111.4,5.8,102.2,0.233,0.404,0.593,0.566,12,23.3,0.177,0.536,11.5,79.7,0.157,0.333333333
2020-2021,Oklahoma City Thunder,1,1,17,1,30,22.8,0.305555556,0.208333333,-10.64,0.51,-10.13,103.5,114,-10.5,101,0.242,0.399,0.539,0.509,14.2,21.2,0.176,0.547,11.5,77.9,0.167,0.4
2020-2021,New Orleans Pelicans,0,0,-6,2,18,24.8,0.430555556,0.486111111,-0.29,0.1,-0.2,113.5,113.8,-0.3,100.1,0.293,0.342,0.57,0.537,12.7,26.3,0.214,0.55,11.9,80,0.186,0.8
2020-2021,Dallas Mavericks,0,0,-5,-1,9,26.3,0.583333333,0.569444444,2.26,-0.01,2.26,115.4,113,2.4,97.3,0.242,0.436,0.582,0.55,11.1,21.1,0.189,0.534,11.5,77.8,0.197,0.4
2020-2021,Houston Rockets,0,1,16,-2,27,26.5,0.236111111,0.277777778,-7.9,0.4,-7.5,107.1,114.9,-7.8,101.4,0.252,0.459,0.553,0.521,13,19.8,0.187,0.555,12.9,77.1,0.201,0.8
2020-2021,Charlotte Hornets,0,1,30,1,23,24.6,0.458333333,0.444444444,-1.93,-0.01,-1.94,110.9,112.8,-1.9,98.3,0.238,0.422,0.564,0.532,13.3,23.5,0.181,0.55,13.2,75.7,0.163,0.857142857
2020-2021,Philadelphia 76ers,0,0,-10,2,5,27.1,0.680555556,0.666666667,5.58,-0.31,5.28,113.2,107.6,5.6,99.5,0.293,0.347,0.579,0.541,12.8,23.2,0.225,0.521,13.8,78.2,0.2,0.666666667
2020-2021,New York Knicks,0,1,2,-1,10,25.6,0.569444444,0.569444444,2.31,-0.18,2.13,110.6,108.2,2.4,95.9,0.242,0.347,0.559,0.524,11.9,21.9,0.19,0.509,11.7,78.6,0.196,0.636363636
2020-2021,Minnesota Timberwolves,0,1,9,1,26,23.2,0.319444444,0.333333333,-5.56,0.31,-5.25,109.5,115,-5.5,101.6,0.254,0.413,0.555,0.52,12.4,22.7,0.193,0.556,13.3,76.8,0.207,1
2020-2021,Denver Nuggets,1,1,18,2,6,26.1,0.652777778,0.652777778,4.93,-0.11,4.82,117.1,112.1,5,97.1,0.219,0.383,0.588,0.557,12.1,24.7,0.176,0.545,12.9,78.9,0.2,0.6
2020-2021,Portland Trail Blazers,1,1,1,3,12,27.4,0.583333333,0.555555556,1.79,0.01,1.81,117.8,116,1.8,98.4,0.238,0.448,0.577,0.54,9.9,23,0.195,0.546,11.2,77.5,0.203,1
2020-2021,Los Angeles Lakers,1,1,8,4,8,28.2,0.583333333,0.583333333,2.79,-0.03,2.77,109.9,107.1,2.8,98.7,0.271,0.363,0.569,0.536,13.6,22.5,0.2,0.526,13.7,79.7,0.184,0.6
2020-2021,Golden State Warriors,0,1,5,5,14,26.7,0.541666667,0.527777778,1.06,0.04,1.1,111.1,110.1,1,102.2,0.239,0.439,0.583,0.551,13.3,17.9,0.188,0.522,13.1,76.6,0.223,0.6
2020-2021,Chicago Bulls,0,0,-6,6,20,25.6,0.430555556,0.472222222,-0.89,-0.05,-0.94,111.1,112,-0.9,99,0.197,0.383,0.575,0.547,13.6,22.3,0.156,0.538,11.6,80.3,0.196,0.625
2020-2021,Phoenix Suns,0,1,13,-1,3,26.6,0.708333333,0.680555556,5.82,-0.15,5.67,117.2,111.3,5.9,97.2,0.212,0.392,0.597,0.564,11.5,20.8,0.177,0.534,12.4,78.5,0.194,0.8
2020-2021,Brooklyn Nets,1,0,-5,1,7,28.2,0.666666667,0.638888889,4.5,-0.27,4.24,118.3,113.8,4.5,99.5,0.258,0.413,0.61,0.575,12.2,21.4,0.208,0.531,11.1,77.3,0.187,0.8
2020-2021,Charlotte Hornets,1,0,-21,-1,23,24.6,0.458333333,0.444444444,-1.93,-0.01,-1.94,110.9,112.8,-1.9,98.3,0.238,0.422,0.564,0.532,13.3,23.5,0.181,0.55,13.2,75.7,0.163,0.777777778
2020-2021,Oklahoma City Thunder,0,0,-4,-2,30,22.8,0.305555556,0.208333333,-10.64,0.51,-10.13,103.5,114,-10.5,101,0.242,0.399,0.539,0.509,14.2,21.2,0.176,0.547,11.5,77.9,0.167,0.6
2020-2021,Charlotte Hornets,0,1,9,-3,23,24.6,0.458333333,0.444444444,-1.93,-0.01,-1.94,110.9,112.8,-1.9,98.3,0.238,0.422,0.564,0.532,13.3,23.5,0.181,0.55,13.2,75.7,0.163,0.857142857
2020-2021,San Antonio Spurs,0,1,3,1,21,26.2,0.458333333,0.444444444,-1.74,0.15,-1.58,111,112.8,-1.8,98.9,0.243,0.314,0.554,0.517,10.2,20,0.192,0.541,11.8,77.3,0.174,0.8
2020-2021,Portland Trail Blazers,0,0,-10,2,12,27.4,0.583333333,0.555555556,1.79,0.01,1.81,117.8,116,1.8,98.4,0.238,0.448,0.577,0.54,9.9,23,0.195,0.546,11.2,77.5,0.203,0.6
2020-2021,Orlando Magic,1,1,36,-1,29,25.6,0.291666667,0.236111111,-9.31,0.29,-9.02,105.1,114.5,-9.4,98.7,0.24,0.356,0.527,0.49,11.5,21.6,0.186,0.547,11.5,78.2,0.169,0.571428571
2020-2021,Chicago Bulls,1,0,-22,1,20,25.6,0.430555556,0.472222222,-0.89,-0.05,-0.94,111.1,112,-0.9,99,0.197,0.383,0.575,0.547,13.6,22.3,0.156,0.538,11.6,80.3,0.196,0.666666667
2020-2021,Miami Heat,0,0,-6,-1,16,27.4,0.555555556,0.5,0.03,-0.09,-0.06,111.2,111.2,0,96.6,0.252,0.432,0.581,0.546,13.1,19.4,0.199,0.542,13.8,77.9,0.183,0.444444444
2020-2021,Miami Heat,0,0,-8,-2,16,27.4,0.555555556,0.5,0.03,-0.09,-0.06,111.2,111.2,0,96.6,0.252,0.432,0.581,0.546,13.1,19.4,0.199,0.542,13.8,77.9,0.183,0.444444444
2020-2021,Cleveland Cavaliers,1,0,-8,-3,28,24,0.305555556,0.25,-8.44,0.25,-8.19,105.8,114.4,-8.6,97.3,0.261,0.347,0.543,0.508,13.9,23.6,0.194,0.556,13,76.6,0.183,0.222222222
2020-2021,Minnesota Timberwolves,1,1,16,-4,26,23.2,0.319444444,0.333333333,-5.56,0.31,-5.25,109.5,115,-5.5,101.6,0.254,0.413,0.555,0.52,12.4,22.7,0.193,0.556,13.3,76.8,0.207,0.6
2020-2021,New York Knicks,1,0,-4,1,10,25.6,0.569444444,0.569444444,2.31,-0.18,2.13,110.6,108.2,2.4,95.9,0.242,0.347,0.559,0.524,11.9,21.9,0.19,0.509,11.7,78.6,0.196,0.5
